Date,PX_LAST
22/12/1998,20.8281
23/12/1998,21.0469
24/12/1998,21.5313
28/12/1998,21.3438
29/12/1998,21.7344
30/12/1998,21.6719
31/12/1998,21.9219
4/1/1999,21.6563
5/1/1999,22.1875
6/1/1999,22.5781
7/1/1999,22.4063
8/1/1999,23.1719
11/1/1999,23.2188
12/1/1999,22.625
13/1/1999,22.125
14/1/1999,21.75
15/1/1999,22.0781
19/1/1999,21.6719
20/1/1999,21.5938
21/1/1999,21.5
22/1/1999,21.0781
25/1/1999,21.5
26/1/1999,21.4375
27/1/1999,21.2656
28/1/1999,21
29/1/1999,21.1094
1/2/1999,21.2813
2/2/1999,21.2969
3/2/1999,21.3125
4/2/1999,21.9375
5/2/1999,22.2344
8/2/1999,22.125
9/2/1999,21.7031
10/2/1999,21.75
11/2/1999,21.5313
12/2/1999,21.4219
16/2/1999,21.2188
17/2/1999,21
18/2/1999,21.1563
19/2/1999,21.3281
22/2/1999,21.6875
23/2/1999,21.5
24/2/1999,21.4375
25/2/1999,21.4375
26/2/1999,21.4375
1/3/1999,21.1875
2/3/1999,21
3/3/1999,20.8594
4/3/1999,20.9219
5/3/1999,21.625
8/3/1999,21.7656
9/3/1999,21.5781
10/3/1999,21.875
11/3/1999,22.1094
12/3/1999,22.0156
15/3/1999,22.0625
16/3/1999,21.9688
17/3/1999,21.9063
18/3/1999,22.375
19/3/1999,22.3281
22/3/1999,22.3906
23/3/1999,21.8281
24/3/1999,21.8438
25/3/1999,21.9219
26/3/1999,21.75
29/3/1999,22.1094
30/3/1999,22.0625
31/3/1999,21.75
1/4/1999,22
5/4/1999,22.2656
6/4/1999,21.875
7/4/1999,22.1094
8/4/1999,22.4219
9/4/1999,22.3125
12/4/1999,22.9688
13/4/1999,23.25
14/4/1999,24.375
15/4/1999,25.3125
16/4/1999,25.5938
19/4/1999,25.8594
20/4/1999,25.5469
21/4/1999,25.6563
22/4/1999,25.25
23/4/1999,25.625
26/4/1999,25.375
27/4/1999,25.875
28/4/1999,27.25
29/4/1999,27.4531
30/4/1999,27.125
3/5/1999,27.75
4/5/1999,27.5781
5/5/1999,27.9063
6/5/1999,28.1406
7/5/1999,28.2031
10/5/1999,28.0469
11/5/1999,28
12/5/1999,27.2969
13/5/1999,27.1875
14/5/1999,27.1094
17/5/1999,27.0781
18/5/1999,26.4219
19/5/1999,26.6875
20/5/1999,26.375
21/5/1999,26.3594
24/5/1999,26.25
25/5/1999,26
26/5/1999,25.75
27/5/1999,25.1563
28/5/1999,24.6563
1/6/1999,25.7188
2/6/1999,25.6875
3/6/1999,25.7656
4/6/1999,26.25
7/6/1999,26.3281
8/6/1999,26
9/6/1999,25.75
10/6/1999,26.1875
11/6/1999,25.9531
14/6/1999,26.5781
15/6/1999,26.8125
16/6/1999,26.9219
17/6/1999,27.0156
18/6/1999,27
21/6/1999,26.3438
22/6/1999,26
23/6/1999,26.125
24/6/1999,25.5313
25/6/1999,25.6875
28/6/1999,26.1719
29/6/1999,26.0156
30/6/1999,26
1/7/1999,26.25
2/7/1999,26.7813
6/7/1999,26.6563
7/7/1999,26.5
8/7/1999,26.3125
9/7/1999,26.7344
12/7/1999,26.5625
13/7/1999,26.5469
14/7/1999,26.4063
15/7/1999,26
16/7/1999,26.2344
19/7/1999,25.9844
20/7/1999,25.9375
21/7/1999,25.875
22/7/1999,26
23/7/1999,26
26/7/1999,25.6719
27/7/1999,26.0313
28/7/1999,26.1719
29/7/1999,25.6875
30/7/1999,25.7031
2/8/1999,25.7813
3/8/1999,25.7656
4/8/1999,26.3906
5/8/1999,26.5781
6/8/1999,26.1875
9/8/1999,25.9375
10/8/1999,25.8438
11/8/1999,26.5
12/8/1999,26.7344
13/8/1999,26.7188
16/8/1999,26.3281
17/8/1999,26.6563
18/8/1999,26.2031
19/8/1999,26.4219
20/8/1999,26.6563
23/8/1999,26.6875
24/8/1999,26.5781
25/8/1999,25.9375
26/8/1999,25.6406
27/8/1999,25.6563
30/8/1999,25.1563
31/8/1999,24.5469
1/9/1999,24.875
2/9/1999,24.625
3/9/1999,25.1875
7/9/1999,24.8125
8/9/1999,24.8125
9/9/1999,24.8281
10/9/1999,25.3438
13/9/1999,25.5313
14/9/1999,25.125
15/9/1999,24.8906
16/9/1999,24.125
17/9/1999,24.5469
20/9/1999,24.2031
21/9/1999,23.9063
22/9/1999,23.7344
23/9/1999,23.3438
24/9/1999,22.8594
27/9/1999,23.4375
28/9/1999,23.1094
29/9/1999,23.3594
30/9/1999,23.7031
1/10/1999,23.8125
4/10/1999,23.8438
5/10/1999,23.6875
6/10/1999,23.9844
7/10/1999,24.1406
8/10/1999,24.2969
11/10/1999,24.3438
12/10/1999,24
13/10/1999,23.7031
14/10/1999,24.0625
15/10/1999,23.4375
18/10/1999,23.5625
19/10/1999,23.6094
20/10/1999,23.4063
21/10/1999,23.75
22/10/1999,24.0625
25/10/1999,24.0625
26/10/1999,23.7031
27/10/1999,23.6563
28/10/1999,23.5938
29/10/1999,24.2656
1/11/1999,24.0313
2/11/1999,24.25
3/11/1999,24.2188
4/11/1999,24.5313
5/11/1999,24.4844
8/11/1999,24.2461
9/11/1999,24.3438
10/11/1999,24.4063
11/11/1999,24.2656
12/11/1999,24.3438
15/11/1999,24.9688
16/11/1999,25.0625
17/11/1999,24.9688
18/11/1999,24.8125
19/11/1999,24.7031
22/11/1999,24.4219
23/11/1999,24.2031
24/11/1999,24.2344
26/11/1999,24.1719
29/11/1999,23.625
30/11/1999,23.9219
1/12/1999,23.9844
2/12/1999,24.4844
3/12/1999,24.6406
6/12/1999,24.6563
7/12/1999,24.375
8/12/1999,24.5781
9/12/1999,24.4844
10/12/1999,24.7813
13/12/1999,24.8125
14/12/1999,25.0625
15/12/1999,25.7656
16/12/1999,25.3125
17/12/1999,26.2031
20/12/1999,25.0156
21/12/1999,25
22/12/1999,25.0313
23/12/1999,25.3906
27/12/1999,25.5
28/12/1999,26.0156
29/12/1999,26.5313
30/12/1999,26.0781
31/12/1999,26.5781
3/1/2000,25.9688
4/1/2000,25.7188
5/1/2000,26.7813
6/1/2000,27.4688
7/1/2000,27.4531
10/1/2000,27.3594
11/1/2000,27.0313
12/1/2000,26.6406
13/1/2000,26.75
14/1/2000,26.5625
18/1/2000,25.9219
19/1/2000,25.4219
20/1/2000,24.75
21/1/2000,24.8594
24/1/2000,24.2031
25/1/2000,23.75
26/1/2000,23.75
27/1/2000,23.875
28/1/2000,23.4688
31/1/2000,23.3281
1/2/2000,23.75
2/2/2000,23.8594
3/2/2000,23.4531
4/2/2000,23.4219
7/2/2000,22.9688
8/2/2000,22.9063
9/2/2000,22.4531
10/2/2000,22.2656
11/2/2000,21.7188
14/2/2000,22.0781
15/2/2000,23.0313
16/2/2000,22.5
17/2/2000,22.4531
18/2/2000,21.7656
22/2/2000,22.4531
23/2/2000,22.2031
24/2/2000,21.4063
25/2/2000,21.0625
28/2/2000,21.125
29/2/2000,20.9844
1/3/2000,20.7656
2/3/2000,20.3125
3/3/2000,20.9688
6/3/2000,20.4688
7/3/2000,19.8125
8/3/2000,20.2344
9/3/2000,20.2031
10/3/2000,20.375
13/3/2000,20.6875
14/3/2000,20.3281
15/3/2000,21.5469
16/3/2000,22.9063
17/3/2000,22
20/3/2000,22.2656
21/3/2000,22.5313
22/3/2000,21.9531
23/3/2000,22.625
24/3/2000,22.5156
27/3/2000,22.4219
28/3/2000,22
29/3/2000,22.4531
30/3/2000,23.0625
31/3/2000,23.0469
3/4/2000,23.7969
4/4/2000,23.5781
5/4/2000,23.3906
6/4/2000,23.25
7/4/2000,22.875
10/4/2000,23.4375
11/4/2000,24
12/4/2000,24.625
13/4/2000,23.9375
14/4/2000,22.625
17/4/2000,22.6563
18/4/2000,22.2344
19/4/2000,21.9531
20/4/2000,22.5
24/4/2000,22.5469
25/4/2000,22.5781
26/4/2000,22.1875
27/4/2000,22.1094
28/4/2000,22.2813
1/5/2000,22.25
2/5/2000,22.9375
3/5/2000,22.5625
4/5/2000,22.7969
5/5/2000,22.7813
8/5/2000,22.6563
9/5/2000,23.0625
10/5/2000,22.7813
11/5/2000,23.0781
12/5/2000,23.1563
15/5/2000,23.5625
16/5/2000,23.3125
17/5/2000,23.375
18/5/2000,23.1875
19/5/2000,23.25
22/5/2000,23.125
23/5/2000,22.7969
24/5/2000,22.7031
25/5/2000,21.875
26/5/2000,21.5313
30/5/2000,21.7656
31/5/2000,21.5781
1/6/2000,21.6406
2/6/2000,22
5/6/2000,21.8125
6/6/2000,21.8438
7/6/2000,21.375
8/6/2000,21.3438
9/6/2000,21.3125
12/6/2000,21.4375
13/6/2000,20.8281
14/6/2000,21.375
15/6/2000,21.375
16/6/2000,21.375
19/6/2000,20.6875
20/6/2000,20.3125
21/6/2000,20.2188
22/6/2000,20.2188
23/6/2000,20.2344
26/6/2000,19.7656
27/6/2000,20.5625
28/6/2000,20.5156
29/6/2000,20.1406
30/6/2000,19.6406
3/7/2000,20.1875
5/7/2000,20.2813
6/7/2000,19.75
7/7/2000,19.6563
10/7/2000,19.9375
11/7/2000,21
12/7/2000,20.8906
13/7/2000,21.125
14/7/2000,20.7031
17/7/2000,20.375
18/7/2000,20.0625
19/7/2000,20.0625
20/7/2000,19.9063
21/7/2000,20
24/7/2000,20.0313
25/7/2000,19.7813
26/7/2000,19.6563
27/7/2000,19.875
28/7/2000,19.7188
31/7/2000,19.8125
1/8/2000,19.8281
2/8/2000,19.9531
3/8/2000,20.1719
4/8/2000,19.9844
7/8/2000,20.375
8/8/2000,20.875
9/8/2000,20.8906
10/8/2000,20.5781
11/8/2000,21
14/8/2000,21
15/8/2000,21.125
16/8/2000,21.125
17/8/2000,21.1719
18/8/2000,20.7969
21/8/2000,20.6875
22/8/2000,20.4844
23/8/2000,20.3906
24/8/2000,20.4219
25/8/2000,20.3125
28/8/2000,20.2813
29/8/2000,20
30/8/2000,20.0469
31/8/2000,20.2656
1/9/2000,20.0625
5/9/2000,20.4688
6/9/2000,20.8125
7/9/2000,19.8125
8/9/2000,19.4688
11/9/2000,19.3438
12/9/2000,19.2188
13/9/2000,19.125
14/9/2000,18.7813
15/9/2000,18.375
18/9/2000,18.3125
19/9/2000,17.8125
20/9/2000,17.5938
21/9/2000,17.5313
22/9/2000,17.5
25/9/2000,17.4531
26/9/2000,17.2813
27/9/2000,17.2031
28/9/2000,17.7188
29/9/2000,18.1719
2/10/2000,17.75
3/10/2000,18.7344
4/10/2000,18.9063
5/10/2000,18.7188
6/10/2000,18.5625
9/10/2000,18.6094
10/10/2000,18.7031
11/10/2000,18.2031
12/10/2000,17.875
13/10/2000,17.4688
16/10/2000,17.4531
17/10/2000,17.2969
18/10/2000,17.5
19/10/2000,17.4688
20/10/2000,17.2344
23/10/2000,17.3594
24/10/2000,18.0625
25/10/2000,17.9375
26/10/2000,18.25
27/10/2000,18.1875
30/10/2000,19.625
31/10/2000,19.7656
1/11/2000,19.6094
2/11/2000,19.4688
3/11/2000,19.5
6/11/2000,19.5156
7/11/2000,19.75
8/11/2000,19.9688
9/11/2000,19.6875
10/11/2000,19.4063
13/11/2000,19.4844
14/11/2000,19.6406
15/11/2000,19.75
16/11/2000,19.1563
17/11/2000,19.1406
20/11/2000,18.9219
21/11/2000,18.7656
22/11/2000,18.75
24/11/2000,19
27/11/2000,19
28/11/2000,19.0313
29/11/2000,19.4688
30/11/2000,19.2656
1/12/2000,19.9063
4/12/2000,20.9688
5/12/2000,21.125
6/12/2000,20.6563
7/12/2000,20.0313
8/12/2000,20.375
11/12/2000,20.375
12/12/2000,20.2813
13/12/2000,20.4375
14/12/2000,20.25
15/12/2000,19.9688
18/12/2000,19.75
19/12/2000,20.375
20/12/2000,19.6094
21/12/2000,20.3125
22/12/2000,21.3594
26/12/2000,21.2969
27/12/2000,21.6406
28/12/2000,21.8438
29/12/2000,21.4219
2/1/2001,21
3/1/2001,21.125
4/1/2001,21.8281
5/1/2001,21.375
8/1/2001,21.4375
9/1/2001,20.5625
10/1/2001,20.75
11/1/2001,20.1875
12/1/2001,19.7188
16/1/2001,20.375
17/1/2001,20.2656
18/1/2001,20.1563
19/1/2001,19.5938
22/1/2001,19.75
23/1/2001,19.8125
24/1/2001,19.8906
25/1/2001,20.1563
26/1/2001,19.9531
29/1/2001,19.89
30/1/2001,20.64
31/1/2001,20.85
1/2/2001,20.96
2/2/2001,20.89
5/2/2001,21.08
6/2/2001,20.9
7/2/2001,20.9
8/2/2001,20.62
9/2/2001,20.6
12/2/2001,20.6
13/2/2001,20.54
14/2/2001,20.31
15/2/2001,21.09
16/2/2001,20.62
20/2/2001,20.55
21/2/2001,20.2
22/2/2001,20.35
23/2/2001,20.25
26/2/2001,21
27/2/2001,21.03
28/2/2001,21.12
1/3/2001,21.14
2/3/2001,21.64
5/3/2001,22.03
6/3/2001,21.98
7/3/2001,22.63
8/3/2001,22.71
9/3/2001,22.52
12/3/2001,21.62
13/3/2001,21.44
14/3/2001,20.89
15/3/2001,20.43
16/3/2001,20.25
19/3/2001,20.73
20/3/2001,20.85
21/3/2001,20.2
22/3/2001,19.56
23/3/2001,19.75
26/3/2001,19.95
27/3/2001,20.45
28/3/2001,20.39
29/3/2001,20.14
30/3/2001,19.97
2/4/2001,20.08
3/4/2001,19.67
4/4/2001,20.05
5/4/2001,20.71
6/4/2001,20.47
9/4/2001,20.81
10/4/2001,21.72
11/4/2001,21.45
12/4/2001,21.35
16/4/2001,21.39
17/4/2001,21.36
18/4/2001,22.25
19/4/2001,21.89
20/4/2001,21.83
23/4/2001,21.68
24/4/2001,21.78
25/4/2001,21.7
26/4/2001,22.4
27/4/2001,22.42
30/4/2001,22.1
1/5/2001,22.35
2/5/2001,22.35
3/5/2001,22.31
4/5/2001,22.69
7/5/2001,22.42
8/5/2001,22.48
9/5/2001,22.7
10/5/2001,23.18
11/5/2001,22.72
14/5/2001,22.88
15/5/2001,23.05
16/5/2001,24.25
17/5/2001,24.5
18/5/2001,24.38
21/5/2001,24.59
22/5/2001,24.12
23/5/2001,23.71
24/5/2001,23.06
25/5/2001,23.09
29/5/2001,23.4
30/5/2001,22.92
31/5/2001,22.95
1/6/2001,23.14
4/6/2001,23.4
5/6/2001,23.67
6/6/2001,23.25
7/6/2001,23.52
8/6/2001,23.43
11/6/2001,23.1
12/6/2001,22.9
13/6/2001,22.98
14/6/2001,22.4
15/6/2001,22.23
18/6/2001,22.01
19/6/2001,22.06
20/6/2001,22.26
21/6/2001,22.15
22/6/2001,21.8
25/6/2001,21.55
26/6/2001,21.75
27/6/2001,21.95
28/6/2001,21.97
29/6/2001,22.06
2/7/2001,22.29
3/7/2001,22.22
5/7/2001,22.13
6/7/2001,21.87
9/7/2001,22.07
10/7/2001,21.83
11/7/2001,21.9
12/7/2001,22.37
13/7/2001,22.39
16/7/2001,22.03
17/7/2001,21.94
18/7/2001,22.48
19/7/2001,22.53
20/7/2001,22.38
23/7/2001,21.94
24/7/2001,21.28
25/7/2001,21.73
26/7/2001,21.61
27/7/2001,21.67
30/7/2001,21.52
31/7/2001,22
1/8/2001,21.9
2/8/2001,21.75
3/8/2001,21.7
6/8/2001,21.73
7/8/2001,21.57
8/8/2001,21.38
9/8/2001,21.19
10/8/2001,21.73
13/8/2001,21.8
14/8/2001,21.7
15/8/2001,21.82
16/8/2001,21.58
17/8/2001,21.71
20/8/2001,21.73
21/8/2001,21.83
22/8/2001,21.78
23/8/2001,21.95
24/8/2001,22.25
27/8/2001,22.29
28/8/2001,22.08
29/8/2001,21.8
30/8/2001,21.72
31/8/2001,21.91
4/9/2001,21.91
5/9/2001,22.19
6/9/2001,21.64
7/9/2001,20.96
10/9/2001,20.55
17/9/2001,19.03
18/9/2001,19
19/9/2001,18.7
20/9/2001,17.99
21/9/2001,17.65
24/9/2001,18.49
25/9/2001,18.54
26/9/2001,18.39
27/9/2001,18.59
28/9/2001,19.2
1/10/2001,19.26
2/10/2001,19.34
3/10/2001,19.58
4/10/2001,19.24
5/10/2001,19.58
8/10/2001,19.17
9/10/2001,19.35
10/10/2001,19.88
11/10/2001,20.53
12/10/2001,20.2
15/10/2001,20.21
16/10/2001,20.38
17/10/2001,19.99
18/10/2001,19.96
19/10/2001,19.71
22/10/2001,20.17
23/10/2001,20.43
24/10/2001,20.37
25/10/2001,20.33
26/10/2001,20.68
29/10/2001,20.18
30/10/2001,20.03
31/10/2001,19.72
1/11/2001,20.15
2/11/2001,20.46
5/11/2001,20.54
6/11/2001,20.97
7/11/2001,20.96
8/11/2001,20.98
9/11/2001,21.04
12/11/2001,20.75
13/11/2001,21.31
14/11/2001,21.66
15/11/2001,21.75
16/11/2001,21.86
19/11/2001,22.09
20/11/2001,22
21/11/2001,21.85
23/11/2001,22.27
26/11/2001,22
27/11/2001,22.17
28/11/2001,21.95
29/11/2001,21.94
30/11/2001,22.22
3/12/2001,21.68
4/12/2001,22.1
5/12/2001,22.6
6/12/2001,22.65
7/12/2001,22.17
10/12/2001,21.79
11/12/2001,21.96
12/12/2001,21.79
13/12/2001,21.27
14/12/2001,21.2
17/12/2001,21.56
18/12/2001,22.24
19/12/2001,21.84
20/12/2001,21.63
21/12/2001,21.43
24/12/2001,21.47
26/12/2001,21.31
27/12/2001,21.53
28/12/2001,21.69
31/12/2001,21.42
2/1/2002,21.58
3/1/2002,21.98
4/1/2002,22.4
7/1/2002,22.4
8/1/2002,22.02
9/1/2002,21.89
10/1/2002,21.51
11/1/2002,21.25
14/1/2002,20.55
15/1/2002,20.65
16/1/2002,20.16
17/1/2002,20.25
18/1/2002,20.07
22/1/2002,20.22
23/1/2002,20.55
24/1/2002,20.97
25/1/2002,21.59
28/1/2002,21.57
29/1/2002,21.29
30/1/2002,21.46
31/1/2002,21.92
1/2/2002,21.82
4/2/2002,21.62
5/2/2002,21.34
6/2/2002,21.4
7/2/2002,21.35
8/2/2002,21.78
11/2/2002,22.37
12/2/2002,22.22
13/2/2002,22.46
14/2/2002,22.41
15/2/2002,22.5
19/2/2002,22.07
20/2/2002,22.39
21/2/2002,22.6
22/2/2002,22.8
25/2/2002,22.92
26/2/2002,22.96
27/2/2002,23.09
28/2/2002,23.08
1/3/2002,23.42
4/3/2002,24.06
5/3/2002,23.37
6/3/2002,23.8
7/3/2002,23.64
8/3/2002,23.54
11/3/2002,23.51
12/3/2002,23.55
13/3/2002,23.25
14/3/2002,23.57
15/3/2002,23.71
18/3/2002,23.8
19/3/2002,24.02
20/3/2002,23.91
21/3/2002,23.52
22/3/2002,23.33
25/3/2002,23.03
26/3/2002,23.46
27/3/2002,23.95
28/3/2002,23.71
1/4/2002,23.58
2/4/2002,23.48
3/4/2002,23.15
4/4/2002,22.86
5/4/2002,23.17
8/4/2002,23.27
9/4/2002,23.25
10/4/2002,23.75
11/4/2002,23.48
12/4/2002,23.36
15/4/2002,23.3
16/4/2002,23.71
17/4/2002,23.82
18/4/2002,23.56
19/4/2002,23.6
22/4/2002,23.01
23/4/2002,22.73
24/4/2002,22.59
25/4/2002,22.54
26/4/2002,22.61
29/4/2002,22.23
30/4/2002,22.59
1/5/2002,22.62
2/5/2002,23.11
3/5/2002,23.26
6/5/2002,23.12
7/5/2002,23.3
8/5/2002,23.55
9/5/2002,23.57
10/5/2002,23.49
13/5/2002,23.66
14/5/2002,24.02
15/5/2002,24.08
16/5/2002,24
17/5/2002,24.11
20/5/2002,23.99
21/5/2002,23.95
22/5/2002,24.03
23/5/2002,24.42
24/5/2002,24.09
28/5/2002,23.95
29/5/2002,23.79
30/5/2002,23.58
31/5/2002,23.71
3/6/2002,23.34
4/6/2002,23.22
5/6/2002,23.4
6/6/2002,23.04
7/6/2002,23.05
10/6/2002,23.1
11/6/2002,22.84
12/6/2002,23.03
13/6/2002,22.62
14/6/2002,22.63
17/6/2002,23
18/6/2002,23.1
19/6/2002,23.05
20/6/2002,23.07
21/6/2002,22.67
24/6/2002,22.69
25/6/2002,22.84
26/6/2002,22.64
27/6/2002,22.82
28/6/2002,23.19
1/7/2002,23.05
2/7/2002,22.59
3/7/2002,22.37
5/7/2002,22.94
8/7/2002,23
9/7/2002,22.76
10/7/2002,22.09
11/7/2002,21.76
12/7/2002,21.54
15/7/2002,21.05
16/7/2002,20.67
17/7/2002,20.82
18/7/2002,20.51
19/7/2002,19.6
22/7/2002,18.69
23/7/2002,18.57
24/7/2002,19.68
25/7/2002,20.22
26/7/2002,20.31
29/7/2002,21.32
30/7/2002,20.52
31/7/2002,20.56
1/8/2002,20.43
2/8/2002,19.57
5/8/2002,18.9
6/8/2002,19.7
7/8/2002,20.19
8/8/2002,20.6
9/8/2002,20.84
12/8/2002,20.74
13/8/2002,20.4
14/8/2002,20.66
15/8/2002,20.65
16/8/2002,20.28
19/8/2002,20.7
20/8/2002,20.36
21/8/2002,20.61
22/8/2002,20.82
23/8/2002,20.53
26/8/2002,20.76
27/8/2002,20.85
28/8/2002,20.28
29/8/2002,20.22
30/8/2002,20.45
3/9/2002,19.85
4/9/2002,19.93
5/9/2002,19.39
6/9/2002,19.78
9/9/2002,20.07
10/9/2002,20.18
11/9/2002,20.3
12/9/2002,19.91
13/9/2002,19.79
16/9/2002,19.63
17/9/2002,19.26
18/9/2002,19.1
19/9/2002,18.68
20/9/2002,18.93
23/9/2002,18.58
24/9/2002,17.8
25/9/2002,18.24
26/9/2002,18.5
27/9/2002,17.97
30/9/2002,17.69
1/10/2002,18.79
2/10/2002,17.93
3/10/2002,17.77
4/10/2002,17.55
7/10/2002,17.03
8/10/2002,17.3
9/10/2002,16.63
10/10/2002,17.39
11/10/2002,18.09
14/10/2002,18.06
15/10/2002,19.01
16/10/2002,18.54
17/10/2002,19.07
18/10/2002,18.95
21/10/2002,19.6
22/10/2002,19.14
23/10/2002,19.11
24/10/2002,18.48
25/10/2002,19.02
28/10/2002,18.73
29/10/2002,18.64
30/10/2002,18.63
31/10/2002,18.7
1/11/2002,19.1
4/11/2002,19.04
5/11/2002,19.2
6/11/2002,19.7
7/11/2002,19.29
8/11/2002,19
11/11/2002,18.45
12/11/2002,18.7
13/11/2002,18.68
14/11/2002,19.25
15/11/2002,19.3
18/11/2002,19.08
19/11/2002,19.08
20/11/2002,19.29
21/11/2002,20.07
22/11/2002,19.83
25/11/2002,20.02
26/11/2002,19.83
27/11/2002,20.49
29/11/2002,20.95
2/12/2002,20.56
3/12/2002,20.32
4/12/2002,20.21
5/12/2002,20.05
6/12/2002,20.17
9/12/2002,19.71
10/12/2002,19.85
11/12/2002,20.07
12/12/2002,19.88
13/12/2002,19.76
16/12/2002,20.41
17/12/2002,20.26
18/12/2002,20.05
19/12/2002,19.8
20/12/2002,19.99
23/12/2002,19.89
24/12/2002,19.9
26/12/2002,19.92
27/12/2002,19.7
30/12/2002,19.76
31/12/2002,19.84
2/1/2003,20.36
3/1/2003,20.25
6/1/2003,20.64
7/1/2003,20.57
8/1/2003,20.04
9/1/2003,20.35
10/1/2003,20.57
13/1/2003,20.48
14/1/2003,20.58
15/1/2003,20.24
16/1/2003,20.35
17/1/2003,20.19
21/1/2003,19.75
22/1/2003,19.51
23/1/2003,19.8
24/1/2003,19.36
27/1/2003,18.76
28/1/2003,18.92
29/1/2003,19.07
30/1/2003,18.65
31/1/2003,18.85
3/2/2003,18.9
4/2/2003,18.82
5/2/2003,18.77
6/2/2003,18.55
7/2/2003,18.46
10/2/2003,18.55
11/2/2003,18.34
12/2/2003,18.3
13/2/2003,18.35
14/2/2003,18.36
18/2/2003,18.77
19/2/2003,18.6
20/2/2003,18.41
21/2/2003,18.71
24/2/2003,18.25
25/2/2003,18.21
26/2/2003,18.29
27/2/2003,18.31
28/2/2003,18.35
3/3/2003,18.28
4/3/2003,17.84
5/3/2003,17.91
6/3/2003,17.6
7/3/2003,17.7
10/3/2003,17.36
11/3/2003,17.23
12/3/2003,17.25
13/3/2003,18.02
14/3/2003,18.12
17/3/2003,18.73
18/3/2003,19.1
19/3/2003,19.03
20/3/2003,19.06
21/3/2003,19.66
24/3/2003,18.89
25/3/2003,18.91
26/3/2003,18.86
27/3/2003,18.64
28/3/2003,18.68
31/3/2003,18.38
1/4/2003,18.58
2/4/2003,18.96
3/4/2003,18.77
4/4/2003,18.88
7/4/2003,19.03
8/4/2003,18.91
9/4/2003,18.58
10/4/2003,18.65
11/4/2003,18.61
14/4/2003,18.98
15/4/2003,19.31
16/4/2003,19.05
17/4/2003,19.32
21/4/2003,19.29
22/4/2003,19.69
23/4/2003,19.84
24/4/2003,19.73
25/4/2003,19.43
28/4/2003,19.77
29/4/2003,19.94
30/4/2003,20.04
1/5/2003,19.9
2/5/2003,20.16
5/5/2003,20.11
6/5/2003,20.24
7/5/2003,20.1
8/5/2003,19.9
9/5/2003,20.27
12/5/2003,20.56
13/5/2003,20.42
14/5/2003,20.3
15/5/2003,20.42
16/5/2003,20.33
19/5/2003,19.95
20/5/2003,19.89
21/5/2003,20.02
22/5/2003,20.19
23/5/2003,20.22
27/5/2003,20.58
28/5/2003,20.52
29/5/2003,20.35
30/5/2003,20.66
2/6/2003,20.86
3/6/2003,20.87
4/6/2003,21.22
5/6/2003,21.27
6/6/2003,21.23
9/6/2003,20.87
10/6/2003,21.02
11/6/2003,21.22
12/6/2003,21.4
13/6/2003,21.12
16/6/2003,21.55
17/6/2003,21.63
18/6/2003,21.41
19/6/2003,21.31
20/6/2003,21.09
23/6/2003,20.7
24/6/2003,20.75
25/6/2003,20.61
26/6/2003,20.92
27/6/2003,20.74
30/6/2003,20.73
1/7/2003,20.68
2/7/2003,20.94
3/7/2003,20.79
7/7/2003,21.07
8/7/2003,21.04
9/7/2003,20.97
10/7/2003,20.61
11/7/2003,20.74
14/7/2003,20.82
15/7/2003,20.67
16/7/2003,20.58
17/7/2003,20.54
18/7/2003,21
21/7/2003,20.92
22/7/2003,21.35
23/7/2003,21.4
24/7/2003,21.65
25/7/2003,22.15
28/7/2003,22.15
29/7/2003,22.09
30/7/2003,22.1
31/7/2003,22.36
1/8/2003,22.13
4/8/2003,22.18
5/8/2003,21.77
6/8/2003,21.73
7/8/2003,21.75
8/8/2003,21.97
11/8/2003,22.08
12/8/2003,22.2
13/8/2003,22.18
14/8/2003,22.54
15/8/2003,22.45
18/8/2003,22.75
19/8/2003,22.99
20/8/2003,22.95
21/8/2003,23.09
22/8/2003,22.71
25/8/2003,22.6
26/8/2003,22.63
27/8/2003,22.71
28/8/2003,22.95
29/8/2003,22.98
2/9/2003,23.25
3/9/2003,23.26
4/9/2003,23.05
5/9/2003,22.96
8/9/2003,23.16
9/9/2003,23.07
10/9/2003,22.63
11/9/2003,22.7
12/9/2003,23.06
15/9/2003,22.97
16/9/2003,23.09
17/9/2003,22.75
18/9/2003,22.92
19/9/2003,22.9
22/9/2003,22.53
23/9/2003,22.6
24/9/2003,22.25
25/9/2003,21.89
26/9/2003,21.83
29/9/2003,22.17
30/9/2003,21.83
1/10/2003,22.2
2/10/2003,22.36
3/10/2003,22.63
6/10/2003,22.62
7/10/2003,22.72
8/10/2003,22.8
9/10/2003,22.89
10/10/2003,22.82
13/10/2003,23.06
14/10/2003,23.21
15/10/2003,23.19
16/10/2003,23.27
17/10/2003,23.05
20/10/2003,23.14
21/10/2003,23.2
22/10/2003,22.81
23/10/2003,22.91
24/10/2003,22.87
27/10/2003,23.03
28/10/2003,23.23
29/10/2003,23.54
30/10/2003,23.95
31/10/2003,23.91
3/11/2003,23.96
4/11/2003,23.92
5/11/2003,23.83
6/11/2003,23.9
7/11/2003,23.99
10/11/2003,23.65
11/11/2003,23.59
12/11/2003,23.96
13/11/2003,23.94
14/11/2003,23.8
17/11/2003,23.64
18/11/2003,23.57
19/11/2003,23.58
20/11/2003,23.4
21/11/2003,23.46
24/11/2003,23.77
25/11/2003,24.11
26/11/2003,24.4
28/11/2003,24.45
1/12/2003,25.18
2/12/2003,25.15
3/12/2003,25.36
4/12/2003,25.53
5/12/2003,25.3
8/12/2003,25.72
9/12/2003,25.68
10/12/2003,25.38
11/12/2003,25.63
12/12/2003,25.85
15/12/2003,25.82
16/12/2003,25.82
17/12/2003,25.97
18/12/2003,26.19
19/12/2003,26.05
22/12/2003,26.31
23/12/2003,26.37
24/12/2003,26.27
26/12/2003,26.48
29/12/2003,26.9
30/12/2003,26.74
31/12/2003,26.69
2/1/2004,26.56
5/1/2004,27.1
6/1/2004,26.86
7/1/2004,26.72
8/1/2004,27.02
9/1/2004,26.55
12/1/2004,26.5
13/1/2004,26.16
14/1/2004,26.27
15/1/2004,26.07
16/1/2004,26.06
20/1/2004,26.16
21/1/2004,26.18
22/1/2004,25.91
23/1/2004,25.41
26/1/2004,25.65
27/1/2004,25.58
28/1/2004,25.37
29/1/2004,25.21
30/1/2004,25.51
2/2/2004,25.39
3/2/2004,25.25
4/2/2004,25.08
5/2/2004,25.39
6/2/2004,25.91
9/2/2004,25.93
10/2/2004,26.07
11/2/2004,26.71
12/2/2004,26.63
13/2/2004,26.42
17/2/2004,26.7
18/2/2004,26.59
19/2/2004,26.76
20/2/2004,26.53
23/2/2004,26.54
24/2/2004,26.66
25/2/2004,26.7
26/2/2004,26.7
27/2/2004,26.84
1/3/2004,27.28
2/3/2004,26.94
3/3/2004,26.78
4/3/2004,26.93
5/3/2004,26.92
8/3/2004,26.63
9/3/2004,26.23
10/3/2004,25.5
11/3/2004,25.27
12/3/2004,25.68
15/3/2004,25.06
16/3/2004,25.3
17/3/2004,25.62
18/3/2004,25.61
19/3/2004,25.52
22/3/2004,24.96
23/3/2004,25.09
24/3/2004,24.98
25/3/2004,25.63
26/3/2004,25.7
29/3/2004,26.07
30/3/2004,26.26
31/3/2004,26.13
1/4/2004,26.32
2/4/2004,26.76
5/4/2004,26.67
6/4/2004,26.8
7/4/2004,26.49
8/4/2004,26.34
12/4/2004,26.64
13/4/2004,26.06
14/4/2004,26.15
15/4/2004,26.3
16/4/2004,26.53
19/4/2004,26.49
20/4/2004,25.94
21/4/2004,25.69
22/4/2004,26.55
23/4/2004,26.35
26/4/2004,26.22
27/4/2004,26.27
28/4/2004,25.38
29/4/2004,25.07
30/4/2004,24.92
3/5/2004,25
4/5/2004,25.24
5/5/2004,25.15
6/5/2004,24.9
7/5/2004,24.01
10/5/2004,23.97
11/5/2004,24.27
12/5/2004,24.23
13/5/2004,24.42
14/5/2004,24.33
17/5/2004,23.87
18/5/2004,24.31
19/5/2004,24.36
20/5/2004,24.3
21/5/2004,24.56
24/5/2004,24.8
25/5/2004,25.29
26/5/2004,25.36
27/5/2004,25.6
28/5/2004,25.62
1/6/2004,25.56
2/6/2004,25.61
3/6/2004,25.13
4/6/2004,25.36
7/6/2004,25.88
8/6/2004,25.9
9/6/2004,25.6
10/6/2004,25.72
14/6/2004,25.36
15/6/2004,25.62
16/6/2004,25.633
17/6/2004,25.73
18/6/2004,25.96
21/6/2004,25.86
22/6/2004,25.95
23/6/2004,26.27
24/6/2004,26.25
25/6/2004,26.32
28/6/2004,26.23
29/6/2004,26.59
30/6/2004,26.78
1/7/2004,26.24
2/7/2004,26.14
6/7/2004,25.94
7/7/2004,26.24
8/7/2004,26.02
9/7/2004,26.12
12/7/2004,26.14
13/7/2004,26.23
14/7/2004,26.23
15/7/2004,26.28
16/7/2004,26.34
19/7/2004,26.22
20/7/2004,26.18
21/7/2004,25.68
22/7/2004,25.57
23/7/2004,25.44
26/7/2004,25.22
27/7/2004,25.65
28/7/2004,25.88
29/7/2004,26.22
30/7/2004,26.17
2/8/2004,26.33
3/8/2004,26.07
4/8/2004,26.11
5/8/2004,25.55
6/8/2004,25.09
9/8/2004,25.25
10/8/2004,25.66
11/8/2004,25.57
12/8/2004,25.22
13/8/2004,25.13
16/8/2004,25.83
17/8/2004,25.97
18/8/2004,26.2
19/8/2004,26.24
20/8/2004,26.45
23/8/2004,26.23
24/8/2004,26.3
25/8/2004,26.59
26/8/2004,26.73
27/8/2004,26.76
30/8/2004,26.53
31/8/2004,26.61
1/9/2004,26.72
2/9/2004,27.09
3/9/2004,27.03
7/9/2004,27.27
8/9/2004,26.96
9/9/2004,27.05
10/9/2004,26.79
13/9/2004,26.76
14/9/2004,26.73
15/9/2004,26.62
16/9/2004,26.73
17/9/2004,26.49
20/9/2004,26.52
21/9/2004,26.64
22/9/2004,26.41
23/9/2004,26.18
24/9/2004,26.41
27/9/2004,26.38
28/9/2004,27.03
29/9/2004,27.16
30/9/2004,27.55
1/10/2004,27.7
4/10/2004,27.76
5/10/2004,27.72
6/10/2004,28.17
7/10/2004,27.81
8/10/2004,27.65
11/10/2004,27.65
12/10/2004,27.35
13/10/2004,26.73
14/10/2004,26.68
15/10/2004,26.93
18/10/2004,26.86
19/10/2004,26.22
20/10/2004,26.4
21/10/2004,26.59
22/10/2004,26.42
25/10/2004,26.68
26/10/2004,26.94
27/10/2004,27.25
28/10/2004,26.9
29/10/2004,27.29
1/11/2004,27.32
2/11/2004,27.19
3/11/2004,27.59
4/11/2004,28.25
5/11/2004,28.37
8/11/2004,28.38
9/11/2004,28.67
10/11/2004,28.66
11/11/2004,28.88
12/11/2004,29.18
15/11/2004,29
16/11/2004,28.83
17/11/2004,29.05
18/11/2004,29.14
19/11/2004,28.94
22/11/2004,29.28
23/11/2004,29.14
24/11/2004,29.42
26/11/2004,29.71
29/11/2004,29.63
30/11/2004,29.51
1/12/2004,29.78
2/12/2004,29.41
3/12/2004,29.39
6/12/2004,29.31
7/12/2004,28.69
8/12/2004,28.81
9/12/2004,29
10/12/2004,28.99
13/12/2004,29.41
14/12/2004,29.38
15/12/2004,29.69
16/12/2004,29.46
17/12/2004,29.25
20/12/2004,29.37
21/12/2004,29.74
22/12/2004,29.75
23/12/2004,29.82
27/12/2004,29.75
28/12/2004,29.92
29/12/2004,29.93
30/12/2004,29.79
31/12/2004,29.73
3/1/2005,29.43
4/1/2005,28.9
5/1/2005,28.5
6/1/2005,28.69
7/1/2005,28.74
10/1/2005,28.87
11/1/2005,28.57
12/1/2005,28.76
13/1/2005,28.65
14/1/2005,28.92
18/1/2005,29.03
19/1/2005,28.83
20/1/2005,28.67
21/1/2005,28.55
24/1/2005,28.15
25/1/2005,28.3
26/1/2005,28.35
27/1/2005,28.5
28/1/2005,28.47
31/1/2005,28.82
1/2/2005,29.06
2/2/2005,29.36
3/2/2005,29.21
4/2/2005,29.52
7/2/2005,29.51
8/2/2005,29.51
9/2/2005,29.1
10/2/2005,29.49
11/2/2005,29.78
14/2/2005,29.81
15/2/2005,29.97
16/2/2005,30.35
17/2/2005,30.24
18/2/2005,30.58
22/2/2005,30.12
23/2/2005,30.58
24/2/2005,30.91
25/2/2005,31.39
28/2/2005,31.09
1/3/2005,31.13
2/3/2005,31.04
3/3/2005,31.01
4/3/2005,31.98
7/3/2005,31.63
8/3/2005,31.55
9/3/2005,31.62
10/3/2005,31.22
11/3/2005,31.41
14/3/2005,31.4
15/3/2005,31.25
16/3/2005,30.58
17/3/2005,30.94
18/3/2005,30.83
21/3/2005,30.65
22/3/2005,30.55
23/3/2005,30.25
24/3/2005,30.25
28/3/2005,30.08
29/3/2005,29.41
30/3/2005,29.91
31/3/2005,30.16
1/4/2005,30.07
4/4/2005,29.89
5/4/2005,29.95
6/4/2005,30.1
7/4/2005,30.43
8/4/2005,29.99
11/4/2005,29.89
12/4/2005,29.86
13/4/2005,29.03
14/4/2005,28.22
15/4/2005,27.52
18/4/2005,27.96
19/4/2005,28.3
20/4/2005,27.83
21/4/2005,28.35
22/4/2005,28.08
25/4/2005,28.36
26/4/2005,27.82
27/4/2005,27.55
28/4/2005,27.33
29/4/2005,28.01
2/5/2005,28.24
3/5/2005,28.42
4/5/2005,28.86
5/5/2005,28.69
6/5/2005,28.76
9/5/2005,28.72
10/5/2005,28.29
11/5/2005,28.32
12/5/2005,27.55
13/5/2005,27.01
16/5/2005,27.13
17/5/2005,27.51
18/5/2005,28.21
19/5/2005,28.07
20/5/2005,27.89
23/5/2005,28.11
24/5/2005,28.02
25/5/2005,27.73
26/5/2005,27.94
27/5/2005,28.03
31/5/2005,27.83
1/6/2005,28.25
2/6/2005,28.16
3/6/2005,28.1
6/6/2005,28.02
7/6/2005,28.19
8/6/2005,28
9/6/2005,27.88
10/6/2005,28.13
13/6/2005,28.31
14/6/2005,28.36
15/6/2005,28.63
16/6/2005,28.93
17/6/2005,28.8
20/6/2005,28.5
21/6/2005,28.35
22/6/2005,28.32
23/6/2005,27.65
24/6/2005,27.34
27/6/2005,27.27
28/6/2005,27.7
29/6/2005,27.58
30/6/2005,27.14
1/7/2005,27.12
5/7/2005,27.19
6/7/2005,27.1
7/7/2005,27.16
8/7/2005,27.69
11/7/2005,28.07
12/7/2005,28
13/7/2005,27.91
14/7/2005,27.95
15/7/2005,27.9
18/7/2005,27.84
19/7/2005,28.29
20/7/2005,28.73
21/7/2005,28.59
22/7/2005,28.77
25/7/2005,28.53
26/7/2005,28.13
27/7/2005,28.43
28/7/2005,28.75
29/7/2005,28.64
1/8/2005,28.5
2/8/2005,28.93
3/8/2005,29.05
4/8/2005,28.74
5/8/2005,28.59
8/8/2005,28.59
9/8/2005,28.77
10/8/2005,28.86
11/8/2005,29.1
12/8/2005,28.89
15/8/2005,28.87
16/8/2005,28.31
17/8/2005,28.28
18/8/2005,28.04
19/8/2005,28.1
22/8/2005,28.11
23/8/2005,27.65
24/8/2005,27.39
25/8/2005,27.41
26/8/2005,27.27
29/8/2005,27.44
30/8/2005,27.18
31/8/2005,27.44
1/9/2005,27.52
2/9/2005,27.5
6/9/2005,27.69
7/9/2005,27.86
8/9/2005,27.71
9/9/2005,28
12/9/2005,28.07
13/9/2005,27.77
14/9/2005,27.87
15/9/2005,27.79
16/9/2005,27.83
19/9/2005,27.63
20/9/2005,27.21
21/9/2005,26.9
22/9/2005,27.06
23/9/2005,27.08
26/9/2005,27.05
27/9/2005,27.05
28/9/2005,27.13
29/9/2005,27.29
30/9/2005,27.5
3/10/2005,27.39
4/10/2005,27.09
5/10/2005,26.47
6/10/2005,26.33
7/10/2005,26.59
10/10/2005,26.45
11/10/2005,26.48
12/10/2005,26.27
13/10/2005,26.23
14/10/2005,26.32
17/10/2005,26.52
18/10/2005,26.24
19/10/2005,26.46
20/10/2005,26.28
21/10/2005,26.52
24/10/2005,27.13
25/10/2005,27.11
26/10/2005,27.33
27/10/2005,27.05
28/10/2005,27.48
31/10/2005,27.56
1/11/2005,27.65
2/11/2005,27.9799
3/11/2005,27.89
4/11/2005,27.85
7/11/2005,28
8/11/2005,27.86
9/11/2005,27.83
10/11/2005,28.22
11/11/2005,28.61
14/11/2005,28.89
15/11/2005,28.814
16/11/2005,28.86
17/11/2005,29.22
18/11/2005,29.3
21/11/2005,29.49
22/11/2005,29.58
23/11/2005,29.53
25/11/2005,29.7
28/11/2005,29.62
29/11/2005,29.89
30/11/2005,29.67
1/12/2005,30.25
2/12/2005,30.12
5/12/2005,30.2
6/12/2005,30.42
7/12/2005,30.34
8/12/2005,30.29
9/12/2005,30.21
12/12/2005,30.21
13/12/2005,30.48
14/12/2005,30.31
15/12/2005,30.15
16/12/2005,29.8
19/12/2005,29.66
20/12/2005,29.55
21/12/2005,30.12
22/12/2005,30.43
23/12/2005,30.52
27/12/2005,30.33
28/12/2005,30.59
29/12/2005,30.54
30/12/2005,30.28
3/1/2006,30.92
4/1/2006,31.11
5/1/2006,31.06
6/1/2006,31.39
9/1/2006,31.38
10/1/2006,31.18
11/1/2006,30.94
12/1/2006,30.51
13/1/2006,30.58
17/1/2006,30.61
18/1/2006,30.31
19/1/2006,30.63
20/1/2006,30.11
23/1/2006,30.52
24/1/2006,30.86
25/1/2006,31.01
26/1/2006,31.38
27/1/2006,31.6
30/1/2006,31.69
31/1/2006,31.74
1/2/2006,31.83
2/2/2006,31.36
3/2/2006,31.08
6/2/2006,31.64
7/2/2006,30.81
8/2/2006,30.86
9/2/2006,30.96
10/2/2006,30.9
13/2/2006,30.59
14/2/2006,31.41
15/2/2006,31.27
16/2/2006,31.68
17/2/2006,31.65
21/2/2006,31.66
22/2/2006,31.79
23/2/2006,31.63
24/2/2006,31.72
27/2/2006,31.46
28/2/2006,31.06
1/3/2006,31.54
2/3/2006,31.73
3/3/2006,31.74
6/3/2006,31.31
7/3/2006,31.01
8/3/2006,30.82
9/3/2006,30.76
10/3/2006,31.31
13/3/2006,31.38
14/3/2006,31.96
15/3/2006,32.34
16/3/2006,32.39
17/3/2006,32.19
20/3/2006,32.12
21/3/2006,31.65
22/3/2006,31.98
23/3/2006,32.07
24/3/2006,32.05
27/3/2006,32.27
28/3/2006,32
29/3/2006,32.54
30/3/2006,32.66
31/3/2006,32.35
3/4/2006,32.75
4/4/2006,32.8
5/4/2006,33.25
6/4/2006,33.32
7/4/2006,32.81
10/4/2006,32.8
11/4/2006,32.56
12/4/2006,32.78
13/4/2006,32.95
17/4/2006,33.24
18/4/2006,34.15
19/4/2006,34.38
20/4/2006,34.06
21/4/2006,34.4
24/4/2006,34.28
25/4/2006,34.04
26/4/2006,34.03
27/4/2006,33.35
28/4/2006,33.5
1/5/2006,33.72
2/5/2006,34.05
3/5/2006,34.06
4/5/2006,34.4
5/5/2006,34.64
8/5/2006,34.77
9/5/2006,35
10/5/2006,35.01
11/5/2006,34.53
12/5/2006,33.79
15/5/2006,33.35
16/5/2006,33.36
17/5/2006,32.46
18/5/2006,32.12
19/5/2006,32.25
22/5/2006,31.55
23/5/2006,31.62
24/5/2006,31.48
25/5/2006,32.02
26/5/2006,32.56
30/5/2006,31.79
31/5/2006,32.15
1/6/2006,32.5
2/6/2006,32.81
5/6/2006,31.83
6/6/2006,31.56
7/6/2006,30.84
8/6/2006,30.74
9/6/2006,30.58
12/6/2006,30.1
13/6/2006,29.59
14/6/2006,29.98
15/6/2006,30.98
16/6/2006,30.59
19/6/2006,29.98
20/6/2006,30.11
21/6/2006,30.84
22/6/2006,30.68
23/6/2006,30.94
26/6/2006,31.03
27/6/2006,30.64
28/6/2006,30.72
29/6/2006,31.95
30/6/2006,32.1
3/7/2006,32.48
5/7/2006,32.09
6/7/2006,32.06
7/7/2006,31.81
10/7/2006,31.89
11/7/2006,31.85
12/7/2006,31.62
13/7/2006,30.73
14/7/2006,30.78
17/7/2006,30.37
18/7/2006,30.5
19/7/2006,31.32
20/7/2006,30.45
21/7/2006,30.05
24/7/2006,30.5
25/7/2006,30.97
26/7/2006,30.9
27/7/2006,30.22
28/7/2006,30.77
31/7/2006,30.9
1/8/2006,30.65
2/8/2006,31.14
3/8/2006,31.33
4/8/2006,31.18
7/8/2006,31.33
8/8/2006,31.002
9/8/2006,31.03
10/8/2006,31.11
11/8/2006,30.76
14/8/2006,30.68
15/8/2006,31.33
16/8/2006,31.88
17/8/2006,31.68
18/8/2006,31.68
21/8/2006,31.68
22/8/2006,31.77
23/8/2006,31.72
24/8/2006,31.47
25/8/2006,31.57
28/8/2006,31.54
29/8/2006,31.67
30/8/2006,31.68
31/8/2006,31.83
1/9/2006,32.19
5/9/2006,32.38
6/9/2006,31.98
7/9/2006,31.63
8/9/2006,31.75
11/9/2006,30.9
12/9/2006,31.26
13/9/2006,31.48
14/9/2006,31.38
15/9/2006,31.17
18/9/2006,31.55
19/9/2006,31.15
20/9/2006,31.42
21/9/2006,31.14
22/9/2006,31.11
25/9/2006,31.28
26/9/2006,31.9
27/9/2006,31.83
28/9/2006,31.92
29/9/2006,31.64
2/10/2006,31.7
3/10/2006,31.28
4/10/2006,31.33
5/10/2006,31.83
6/10/2006,31.98
9/10/2006,32.24
10/10/2006,32.39
11/10/2006,32.1
12/10/2006,32.43
13/10/2006,32.75
16/10/2006,32.99
17/10/2006,32.76
18/10/2006,32.64
19/10/2006,32.86
20/10/2006,32.68
23/10/2006,32.89
24/10/2006,33.27
25/10/2006,33.24
26/10/2006,33.31
27/10/2006,33.39
30/10/2006,33.48
31/10/2006,33.54
1/11/2006,33.28
2/11/2006,33.39
3/11/2006,33.28
6/11/2006,33.69
7/11/2006,33.58
8/11/2006,33.66
9/11/2006,34.03
10/11/2006,33.7
13/11/2006,34.03
14/11/2006,34.02
15/11/2006,34.16
16/11/2006,33.98
17/11/2006,33.83
20/11/2006,34.48
21/11/2006,34.57
22/11/2006,35.05
24/11/2006,35.08
27/11/2006,34.5
28/11/2006,34.64
29/11/2006,34.93
30/11/2006,35
1/12/2006,34.72
4/12/2006,35.23
5/12/2006,35.38
6/12/2006,35.24
7/12/2006,35.46
8/12/2006,35.55
11/12/2006,35.42
12/12/2006,35.02
13/12/2006,35.23
14/12/2006,35.49
15/12/2006,35.37
18/12/2006,35.01
19/12/2006,35.27
20/12/2006,35.1
21/12/2006,34.6763
22/12/2006,34.49
26/12/2006,34.79
27/12/2006,35.13
28/12/2006,35.08
29/12/2006,34.81
3/1/2007,34.61
4/1/2007,34.45
5/1/2007,34.22
8/1/2007,34.22
9/1/2007,34.23
10/1/2007,34.47
11/1/2007,34.84
12/1/2007,35.23
16/1/2007,35.32
17/1/2007,35.44
18/1/2007,35.23
19/1/2007,35.77
22/1/2007,35.4
23/1/2007,35.85
24/1/2007,36.22
25/1/2007,36.1
26/1/2007,36.08
29/1/2007,35.94
30/1/2007,36.04
31/1/2007,36.25
1/2/2007,36.69
2/2/2007,36.63
5/2/2007,36.48
6/2/2007,36.73
7/2/2007,36.73
8/2/2007,36.77
9/2/2007,36.6
12/2/2007,36.75
13/2/2007,37.49
14/2/2007,37.72
15/2/2007,37.9
16/2/2007,37.71
20/2/2007,38.02
21/2/2007,38.26
22/2/2007,38.25
23/2/2007,38.4
26/2/2007,38.75
27/2/2007,37.18
28/2/2007,37.45
1/3/2007,37.06
2/3/2007,36.45
5/3/2007,35.97
6/3/2007,36.7
7/3/2007,36.52
8/3/2007,36.88
9/3/2007,37.31
12/3/2007,37.43
13/3/2007,36.52
14/3/2007,36.75
15/3/2007,37.45
16/3/2007,37.1
19/3/2007,37.65
20/3/2007,37.81
21/3/2007,38.24
22/3/2007,38.06
23/3/2007,38.22
26/3/2007,38.49
27/3/2007,38.07
28/3/2007,37.69
29/3/2007,37.98
30/3/2007,38.05
2/4/2007,38.04
3/4/2007,38.45
4/4/2007,38.51
5/4/2007,38.46
9/4/2007,39.05
10/4/2007,38.62
11/4/2007,38.45
12/4/2007,38.79
13/4/2007,38.88
16/4/2007,39.4
17/4/2007,39.03
18/4/2007,38.82
19/4/2007,38.68
20/4/2007,39.08
23/4/2007,39.07
24/4/2007,38.91
25/4/2007,39.53
26/4/2007,39.37
27/4/2007,39.34
30/4/2007,38.62
1/5/2007,38.46
2/5/2007,38.92
3/5/2007,39.05
4/5/2007,39.4
7/5/2007,39.92
8/5/2007,39.95
9/5/2007,40.12
10/5/2007,39.35
11/5/2007,39.81
14/5/2007,39.76
15/5/2007,40.01
16/5/2007,40.15
17/5/2007,40.13
18/5/2007,40.28
21/5/2007,40.34
22/5/2007,40.1
23/5/2007,40.28
24/5/2007,39.85
25/5/2007,40.32
29/5/2007,40.19
30/5/2007,40.7
31/5/2007,40.9
1/6/2007,41.47
4/6/2007,41.22
5/6/2007,41.08
6/6/2007,40.55
7/6/2007,39.64
8/6/2007,40.4
11/6/2007,40.05
12/6/2007,39.56
13/6/2007,40.49
14/6/2007,40.8
15/6/2007,41.1
18/6/2007,41.1
19/6/2007,41.3
20/6/2007,40.78
21/6/2007,41.01
22/6/2007,40.89
25/6/2007,40.25
26/6/2007,39.75
27/6/2007,40.1
28/6/2007,40.25
29/6/2007,40.5
2/7/2007,41.15
3/7/2007,41.16
5/7/2007,41.25
6/7/2007,41.6
9/7/2007,41.7
10/7/2007,41.1
11/7/2007,41.4
12/7/2007,42.45
13/7/2007,42.9
16/7/2007,42.67
17/7/2007,43.05
18/7/2007,43.12
19/7/2007,43.22
20/7/2007,42.8
23/7/2007,42.75
24/7/2007,41.9
25/7/2007,41.2
26/7/2007,39.83
27/7/2007,38.92
30/7/2007,39.9
31/7/2007,39.42
1/8/2007,39.65
2/8/2007,39.75
3/8/2007,38.42
6/8/2007,38.87
7/8/2007,39.15
8/8/2007,40.16
9/8/2007,39.15
10/8/2007,38.68
13/8/2007,38.85
14/8/2007,37.85
15/8/2007,36.9
16/8/2007,36.4
17/8/2007,36.9
20/8/2007,37.59
21/8/2007,37.82
22/8/2007,39.25
23/8/2007,38.5
24/8/2007,39.4
27/8/2007,39.05
28/8/2007,38.15
29/8/2007,38.9
30/8/2007,38.8
31/8/2007,39.15
4/9/2007,39.7
5/9/2007,39.35
6/9/2007,39.55
7/9/2007,38.62
10/9/2007,38.38
11/9/2007,38.88
12/9/2007,39.1
13/9/2007,39.23
14/9/2007,39.5
17/9/2007,39.46
18/9/2007,41.3
19/9/2007,41.77
20/9/2007,41.64
21/9/2007,41.57
24/9/2007,41.62
25/9/2007,41.48
26/9/2007,42
27/9/2007,42.49
28/9/2007,42.11
1/10/2007,42.9
2/10/2007,42.6
3/10/2007,42.05
4/10/2007,42.23
5/10/2007,42.95
8/10/2007,42.7
9/10/2007,43.5
10/10/2007,43.24
11/10/2007,43
12/10/2007,43.35
15/10/2007,43.1
16/10/2007,42.34
17/10/2007,42.32
18/10/2007,42.65
19/10/2007,41.72
22/10/2007,41.41
23/10/2007,42.07
24/10/2007,42.15
25/10/2007,42.48
26/10/2007,43.28
29/10/2007,43.76
30/10/2007,42.73
31/10/2007,43.86
1/11/2007,42.34
2/11/2007,42.72
5/11/2007,42.22
6/11/2007,43.21
7/11/2007,42
8/11/2007,42.4
9/11/2007,41.53
12/11/2007,39.87
13/11/2007,40.93
14/11/2007,41.14
15/11/2007,40.25
16/11/2007,40.17
19/11/2007,39.12
20/11/2007,39.72
21/11/2007,38.94
23/11/2007,39.52
26/11/2007,38.69
27/11/2007,39
28/11/2007,40.85
29/11/2007,41.26
30/11/2007,41.65
3/12/2007,41.44
4/12/2007,41.19
5/12/2007,41.95
6/12/2007,42.62
7/12/2007,43.02
10/12/2007,43.63
11/12/2007,41.82
12/12/2007,42.38
13/12/2007,42.71
14/12/2007,41.96
17/12/2007,40.47
18/12/2007,40.92
19/12/2007,40.86
20/12/2007,41.61
21/12/2007,42.11
24/12/2007,42.5
26/12/2007,42.72
27/12/2007,41.92
28/12/2007,41.95
31/12/2007,41.7
2/1/2008,41.3
3/1/2008,42.05
4/1/2008,40.78
7/1/2008,40.22
8/1/2008,39.6
9/1/2008,39.85
10/1/2008,40.39
11/1/2008,39.98
14/1/2008,41.32
15/1/2008,40.19
16/1/2008,38.85
17/1/2008,36.93
18/1/2008,37.35
22/1/2008,37.01
23/1/2008,37.65
24/1/2008,38.25
25/1/2008,38.44
28/1/2008,39.2
29/1/2008,39.4
30/1/2008,39.25
31/1/2008,39.95
1/2/2008,40.92
4/2/2008,40.28
5/2/2008,39.12
6/2/2008,38.85
7/2/2008,39
8/2/2008,39.83
11/2/2008,39.97
12/2/2008,40.69
13/2/2008,40.52
14/2/2008,40
15/2/2008,40.25
19/2/2008,41.25
20/2/2008,41.49
21/2/2008,40.93
22/2/2008,41.32
25/2/2008,42.27
26/2/2008,42.47
27/2/2008,42.46
28/2/2008,42.23
29/2/2008,40.87
3/3/2008,41.55
4/3/2008,40.55
5/3/2008,41.69
6/3/2008,41.32
7/3/2008,39.59
10/3/2008,38.74
11/3/2008,41.1
12/3/2008,40.51
13/3/2008,41.5
14/3/2008,40.77
17/3/2008,39.95
18/3/2008,41.35
19/3/2008,38.55
20/3/2008,38.3
24/3/2008,39.66
25/3/2008,40.85
26/3/2008,40.67
27/3/2008,40.56
28/3/2008,40.22
31/3/2008,40.17
1/4/2008,41.45
2/4/2008,41.73
3/4/2008,42.49
4/4/2008,42.91
7/4/2008,42.68
8/4/2008,43.08
9/4/2008,42.62
10/4/2008,42.73
11/4/2008,42.18
14/4/2008,41.97
15/4/2008,42.2
16/4/2008,44.22
17/4/2008,44
18/4/2008,44.24
21/4/2008,44.35
22/4/2008,44
23/4/2008,43.31
24/4/2008,42.68
25/4/2008,43.9
28/4/2008,43.65
29/4/2008,42.21
30/4/2008,42.31
1/5/2008,42.01
2/5/2008,42.44
5/5/2008,43.4
6/5/2008,43.75
7/5/2008,43.26
8/5/2008,44
9/5/2008,43.45
12/5/2008,44.34
13/5/2008,44.59
14/5/2008,44.84
15/5/2008,45.35
16/5/2008,45.91
19/5/2008,45.79
20/5/2008,46.03
21/5/2008,44.68
22/5/2008,44.48
23/5/2008,43.87
27/5/2008,43.67
28/5/2008,44.76
29/5/2008,44.46
30/5/2008,44.51
2/6/2008,44.17
3/6/2008,44.22
4/6/2008,44.03
5/6/2008,45.51
6/6/2008,44.17
9/6/2008,44.84
10/6/2008,44.27
11/6/2008,43.48
12/6/2008,43.46
13/6/2008,44.54
16/6/2008,44.5
17/6/2008,44.74
18/6/2008,44.44
19/6/2008,44.52
20/6/2008,43.42
23/6/2008,43.7
24/6/2008,42.87
25/6/2008,43
26/6/2008,41.94
27/6/2008,41.9
30/6/2008,41.73
1/7/2008,40.96
2/7/2008,39.21
3/7/2008,39.45
7/7/2008,39.65
8/7/2008,39.23
9/7/2008,39.3
10/7/2008,39.45
11/7/2008,39.42
14/7/2008,39.86
15/7/2008,39.47
16/7/2008,39.62
17/7/2008,39.87
18/7/2008,39.6
21/7/2008,40.42
22/7/2008,40.48
23/7/2008,39.97
24/7/2008,38.96
25/7/2008,39.02
28/7/2008,38.97
29/7/2008,39.74
30/7/2008,40.68
31/7/2008,40.38
1/8/2008,39.65
4/8/2008,37.93
5/8/2008,38.37
6/8/2008,38.75
7/8/2008,38.63
8/8/2008,38.47
11/8/2008,38.52
12/8/2008,38.84
13/8/2008,39.68
14/8/2008,39.6
15/8/2008,39.35
18/8/2008,38.99
19/8/2008,38.75
20/8/2008,39.43
21/8/2008,39.77
22/8/2008,39.75
25/8/2008,38.89
26/8/2008,39.1
27/8/2008,39.46
28/8/2008,40.02
29/8/2008,39.75
2/9/2008,38.75
3/9/2008,38.55
4/9/2008,37.18
5/9/2008,37.22
8/9/2008,37.15
9/9/2008,35.97
10/9/2008,36.28
11/9/2008,36.9
12/9/2008,38.08
15/9/2008,36.5
16/9/2008,36.9
17/9/2008,36.21
18/9/2008,36.2
19/9/2008,38.28
22/9/2008,37.79
23/9/2008,36.91
24/9/2008,36.18
25/9/2008,36.08
26/9/2008,35.24
29/9/2008,32.7
30/9/2008,33.4
1/10/2008,32.85
2/10/2008,30.49
3/10/2008,30.19
6/10/2008,28.7
7/10/2008,27.22
8/10/2008,28.1
9/10/2008,26.3
10/10/2008,25.68
13/10/2008,29.29
14/10/2008,28.44
15/10/2008,24.91
16/10/2008,25.08
17/10/2008,25.75
20/10/2008,27.05
21/10/2008,25.91
22/10/2008,24.49
23/10/2008,23.93
24/10/2008,22.9
27/10/2008,21.2
28/10/2008,23.87
29/10/2008,24.85
30/10/2008,25.63
31/10/2008,25.92
3/11/2008,25.8
4/11/2008,27.01
5/11/2008,25.88
6/11/2008,24.47
7/11/2008,24.87
10/11/2008,24.88
11/11/2008,23.89
12/11/2008,22.37
13/11/2008,24.19
14/11/2008,22.72
17/11/2008,22.25
18/11/2008,22
19/11/2008,20.68
20/11/2008,19.88
21/11/2008,20.1
24/11/2008,21.26
25/11/2008,22.04
26/11/2008,23.05
28/11/2008,23.15
1/12/2008,21.19
2/12/2008,22.01
3/12/2008,21.97
4/12/2008,21.53
5/12/2008,21.93
8/12/2008,23.58
9/12/2008,23.33
10/12/2008,24.05
11/12/2008,23.01
12/12/2008,23.1
15/12/2008,23.05
16/12/2008,24.46
17/12/2008,24.48
18/12/2008,23.54
19/12/2008,22.78
22/12/2008,21.95
23/12/2008,21.87
24/12/2008,21.89
26/12/2008,22.16
29/12/2008,21.76
30/12/2008,22.35
31/12/2008,22.74
2/1/2009,23.57
5/1/2009,23.62
6/1/2009,24.15
7/1/2009,23.59
8/1/2009,23.92
9/1/2009,23.34
12/1/2009,22.37
13/1/2009,22.49
14/1/2009,21.65
15/1/2009,22.29
16/1/2009,22.54
20/1/2009,21.27
21/1/2009,22.02
22/1/2009,21.68
23/1/2009,22.01
26/1/2009,21.75
27/1/2009,21.91
28/1/2009,22.53
29/1/2009,21.92
30/1/2009,21.06
2/2/2009,20.76
3/2/2009,21.16
4/2/2009,21.42
5/2/2009,21.99
6/2/2009,22.65
9/2/2009,22.57
10/2/2009,21.56
11/2/2009,21.56
12/2/2009,21.92
13/2/2009,21.59
17/2/2009,20.65
18/2/2009,20.53
19/2/2009,20.32
20/2/2009,20.48
23/2/2009,19.24
24/2/2009,19.85
25/2/2009,19.55
26/2/2009,19.57
27/2/2009,19.37
2/3/2009,18.08
3/3/2009,18.15
4/3/2009,18.78
5/3/2009,18.17
6/3/2009,18.4
9/3/2009,18.18
10/3/2009,19.19
11/3/2009,19.77
12/3/2009,20.26
13/3/2009,20.35
16/3/2009,20.67
17/3/2009,20.848
18/3/2009,21.46
19/3/2009,21.66
20/3/2009,21.15
23/3/2009,22.4
24/3/2009,22.31
25/3/2009,22.51
26/3/2009,23.41
27/3/2009,22.9
30/3/2009,22.11
31/3/2009,22.21
1/4/2009,22.66
2/4/2009,23.51
3/4/2009,23.81
6/4/2009,23.39
7/4/2009,22.59
8/4/2009,22.85
9/4/2009,23.84
13/4/2009,24.15
14/4/2009,23.7
15/4/2009,24.26
16/4/2009,24.27
17/4/2009,24.45
20/4/2009,23.32
21/4/2009,23.79
22/4/2009,23.9
23/4/2009,23.96
24/4/2009,25.1
27/4/2009,24.55
28/4/2009,24.42
29/4/2009,24.97
30/4/2009,25.67
1/5/2009,25.73
4/5/2009,27.18
5/5/2009,27.02
6/5/2009,27.13
7/5/2009,26.24
8/5/2009,26.8
11/5/2009,26.41
12/5/2009,26.674
13/5/2009,25.52
14/5/2009,25.74
15/5/2009,25.83
18/5/2009,26.57
19/5/2009,26.88
20/5/2009,27
21/5/2009,26.4
22/5/2009,26.3
26/5/2009,26.93
27/5/2009,25.92
28/5/2009,26.38
29/5/2009,27.17
1/6/2009,28
2/6/2009,28.28
3/6/2009,27.31
4/6/2009,27.94
5/6/2009,27.54
8/6/2009,27.4
9/6/2009,27.89
10/6/2009,27.92
11/6/2009,28.31
12/6/2009,28.02
15/6/2009,27.08
16/6/2009,26.35
17/6/2009,26.05
18/6/2009,26.27
19/6/2009,26.07
22/6/2009,24.75
23/6/2009,25.07
24/6/2009,25.32
25/6/2009,25.86
26/6/2009,25.82
29/6/2009,26.05
30/6/2009,25.8
1/7/2009,25.86
2/7/2009,25.15
6/7/2009,24.95
7/7/2009,24.24
8/7/2009,24.26
9/7/2009,24.45
10/7/2009,24.31
13/7/2009,25.05
14/7/2009,25.24
15/7/2009,26.23
16/7/2009,26.48
17/7/2009,26.61
20/7/2009,27.18
21/7/2009,27.5
22/7/2009,27.58
23/7/2009,28.52
24/7/2009,28.75
27/7/2009,28.81
28/7/2009,28.57
29/7/2009,27.97
30/7/2009,28.82
31/7/2009,29.12
3/8/2009,30.15
4/8/2009,30.04
5/8/2009,30.28
6/8/2009,30.03
7/8/2009,30.21
10/8/2009,29.81
11/8/2009,29.74
12/8/2009,30.01
13/8/2009,30.56
14/8/2009,29.79
17/8/2009,28.66
18/8/2009,29.09
19/8/2009,29.47
20/8/2009,29.53
21/8/2009,30.31
24/8/2009,30.07
25/8/2009,29.92
26/8/2009,29.81
27/8/2009,30.02
28/8/2009,30.21
31/8/2009,29.81
1/9/2009,28.93
2/9/2009,29.2
3/9/2009,29.62
4/9/2009,30.03
8/9/2009,30.44
9/9/2009,30.58
10/9/2009,30.75
11/9/2009,30.79
14/9/2009,31.18
15/9/2009,31.87
16/9/2009,32.31
17/9/2009,32.16
18/9/2009,32.01
21/9/2009,31.69
22/9/2009,32.04
23/9/2009,31.53
24/9/2009,30.84
25/9/2009,30.54
28/9/2009,31.12
29/9/2009,31.15
30/9/2009,30.94
1/10/2009,29.73
2/10/2009,29.61
5/10/2009,30.11
6/10/2009,30.74
7/10/2009,30.75
8/10/2009,31.47
9/10/2009,31.5
12/10/2009,31.58
13/10/2009,31.75
14/10/2009,32.43
15/10/2009,32.49
16/10/2009,32.04
19/10/2009,32.53
20/10/2009,32.19
21/10/2009,31.81
22/10/2009,32.19
23/10/2009,31.55
26/10/2009,30.74
27/10/2009,30.49
28/10/2009,29.55
29/10/2009,30.43
30/10/2009,29.34
2/11/2009,29.6
3/11/2009,29.9
4/11/2009,29.9
5/11/2009,30.43
6/11/2009,30.69
9/11/2009,31.69
10/11/2009,31.73
11/11/2009,32.04
12/11/2009,31.89
13/11/2009,32.01
16/11/2009,32.67
17/11/2009,33.05
18/11/2009,33.05
19/11/2009,32.55
20/11/2009,32.44
23/11/2009,32.77
24/11/2009,32.73
25/11/2009,33.26
27/11/2009,32.35
30/11/2009,32.5
1/12/2009,33.13
2/12/2009,33.45
3/12/2009,32.91
4/12/2009,32.55
7/12/2009,32.59
8/12/2009,32.07
9/12/2009,32.47
10/12/2009,32.35
11/12/2009,32.44
14/12/2009,32.91
15/12/2009,32.59
16/12/2009,32.92
17/12/2009,32.19
18/12/2009,31.99
21/12/2009,32.46
22/12/2009,32.65
23/12/2009,33.15
24/12/2009,33.41
28/12/2009,33.44
29/12/2009,33.49
30/12/2009,33.45
31/12/2009,32.99
4/1/2010,34.02
5/1/2010,34.13
6/1/2010,34.71
7/1/2010,34.44
8/1/2010,34.92
11/1/2010,34.73
12/1/2010,34.07
13/1/2010,34.47
14/1/2010,34.05
15/1/2010,33.8
19/1/2010,34.34
20/1/2010,33.73
21/1/2010,32.27
22/1/2010,31.63
25/1/2010,31.91
26/1/2010,31.46
27/1/2010,31.19
28/1/2010,30.63
29/1/2010,30.14
1/2/2010,31.34
2/2/2010,31.44
3/2/2010,31.08
4/2/2010,29.92
5/2/2010,30.48
8/2/2010,29.99
9/2/2010,30.72
10/2/2010,30.51
11/2/2010,31.03
12/2/2010,30.97
16/2/2010,31.75
17/2/2010,31.77
18/2/2010,32.11
19/2/2010,32.29
22/2/2010,32.15
23/2/2010,31.64
24/2/2010,31.56
25/2/2010,31.49
26/2/2010,31.5
1/3/2010,31.98
2/3/2010,32.25
3/3/2010,32.53
4/3/2010,32.75
5/3/2010,33.17
8/3/2010,33.17
9/3/2010,32.96
10/3/2010,32.97
11/3/2010,33.16
12/3/2010,33.29
15/3/2010,33.28
16/3/2010,33.77
17/3/2010,33.96
18/3/2010,33.72
19/3/2010,33.28
22/3/2010,33.77
23/3/2010,34.21
24/3/2010,34.11
25/3/2010,33.43
26/3/2010,33.68
29/3/2010,34.04
30/3/2010,34.09
31/3/2010,33.92
1/4/2010,34.51
5/4/2010,34.93
6/4/2010,34.99
7/4/2010,34.77
8/4/2010,34.85
9/4/2010,34.91
12/4/2010,34.8
13/4/2010,34.67
14/4/2010,34.93
15/4/2010,34.93
16/4/2010,34.33
19/4/2010,34.34
20/4/2010,34.449
21/4/2010,34.36
22/4/2010,34.7
23/4/2010,35.01
26/4/2010,35.16
27/4/2010,33.88
28/4/2010,34.29
29/4/2010,34.6
30/4/2010,33.99
3/5/2010,33.97
4/5/2010,32.79
5/5/2010,32.55
6/5/2010,31.48
7/5/2010,31.13
10/5/2010,32.61
11/5/2010,32.2
12/5/2010,32.87
13/5/2010,32.38
14/5/2010,31.59
17/5/2010,31.59
18/5/2010,31.05
19/5/2010,31.05
20/5/2010,29.64
21/5/2010,30.37
24/5/2010,29.85
25/5/2010,30.35
26/5/2010,30.11
27/5/2010,31.3
28/5/2010,30.75
1/6/2010,29.76
2/6/2010,30.68
3/6/2010,30.31
4/6/2010,29.11
7/6/2010,28.59
8/6/2010,29.24
9/6/2010,29.28
10/6/2010,30.33
11/6/2010,30.67
14/6/2010,30.37
15/6/2010,31.12
16/6/2010,31.08
17/6/2010,30.91
18/6/2010,30.95
21/6/2010,31.14
22/6/2010,30.37
23/6/2010,30.43
24/6/2010,29.66
25/6/2010,30.1
28/6/2010,29.76
29/6/2010,28.66
30/6/2010,28.37
1/7/2010,28.21
2/7/2010,28.05
6/7/2010,28.08
7/7/2010,29.2
8/7/2010,29.68
9/7/2010,30.39
12/7/2010,29.99
13/7/2010,30.8
14/7/2010,30.7
15/7/2010,30.67
16/7/2010,29.83
19/7/2010,29.86
20/7/2010,30.76
21/7/2010,30.66
22/7/2010,31.32
23/7/2010,32.01
26/7/2010,32.2
27/7/2010,31.94
28/7/2010,31.84
29/7/2010,31.81
30/7/2010,32.01
2/8/2010,32.87
3/8/2010,32.27
4/8/2010,32.57
5/8/2010,32.64
6/8/2010,32.49
9/8/2010,32.69
10/8/2010,32.34
11/8/2010,31.25
12/8/2010,31.45
13/8/2010,31.3
16/8/2010,31.44
17/8/2010,32.18
18/8/2010,32.3
19/8/2010,31.56
20/8/2010,31.49
23/8/2010,31.14
24/8/2010,30.42
25/8/2010,30.51
26/8/2010,30.47
27/8/2010,31.38
30/8/2010,30.91
31/8/2010,31.04
1/9/2010,31.97
2/9/2010,32.35
3/9/2010,32.73
7/9/2010,32.41
8/9/2010,32.66
9/9/2010,32.55
10/9/2010,32.82
13/9/2010,33.35
14/9/2010,33.29
15/9/2010,33.23
16/9/2010,33.39
17/9/2010,32.7325
20/9/2010,32.94
21/9/2010,32.79
22/9/2010,32.87
23/9/2010,32.56
24/9/2010,33.36
27/9/2010,33.17
28/9/2010,33.17
29/9/2010,32.91
30/9/2010,32.78
1/10/2010,33.21
4/10/2010,32.68
5/10/2010,33.6
6/10/2010,33.92
7/10/2010,33.58
8/10/2010,34.24
11/10/2010,34.18
12/10/2010,34.27
13/10/2010,34.82
14/10/2010,34.49
15/10/2010,34.59
18/10/2010,34.74
19/10/2010,33.85
20/10/2010,34.55
21/10/2010,34.54
22/10/2010,34.29
25/10/2010,35.03
26/10/2010,34.82
27/10/2010,34.5
28/10/2010,34.52
29/10/2010,34.8
1/11/2010,34.78
2/11/2010,35.14
3/11/2010,35.04
4/11/2010,36.19
5/11/2010,36.32
8/11/2010,36.41
9/11/2010,35.77
10/11/2010,35.95
11/11/2010,36.32
12/11/2010,35.51
15/11/2010,35.23
16/11/2010,34.47
17/11/2010,34.46
18/11/2010,35.11
19/11/2010,35.39
22/11/2010,35.48
23/11/2010,34.8
24/11/2010,35.47
26/11/2010,34.87
29/11/2010,35.17
30/11/2010,35.19
1/12/2010,36.15
2/12/2010,36.7
3/12/2010,37.01
6/12/2010,37.07
7/12/2010,37.12
8/12/2010,36.73
9/12/2010,36.93
10/12/2010,37.25
13/12/2010,37.45
14/12/2010,37.42
15/12/2010,37.22
16/12/2010,37.57
17/12/2010,37.56
20/12/2010,37.68
21/12/2010,38.06
22/12/2010,38.04
23/12/2010,38.14
27/12/2010,38.2
28/12/2010,38.28
29/12/2010,38.44
30/12/2010,38.44
31/12/2010,38.41
3/1/2011,38.72
4/1/2011,38.46
5/1/2011,38.55
6/1/2011,38.35
7/1/2011,38.315
10/1/2011,38.36
11/1/2011,38.67
12/1/2011,39.05
13/1/2011,38.7125
14/1/2011,38.8
18/1/2011,39.0125
19/1/2011,38.11
20/1/2011,37.57
21/1/2011,37.4775
24/1/2011,37.88
25/1/2011,37.9275
26/1/2011,38.73
27/1/2011,38.41
28/1/2011,37.81
31/1/2011,38.44
1/2/2011,39.47
2/2/2011,39.405
3/2/2011,39.57
4/2/2011,39.575
7/2/2011,39.7875
8/2/2011,39.915
9/2/2011,39.56
10/2/2011,39.63
11/2/2011,39.85
14/2/2011,40.28
15/2/2011,39.82
16/2/2011,40.335
17/2/2011,40.7
18/2/2011,40.25
22/2/2011,38.96
23/2/2011,38.67
24/2/2011,38.47
25/2/2011,39.04
28/2/2011,39.46
1/3/2011,38.49
2/3/2011,38.63
3/3/2011,39.41
4/3/2011,39.05
7/3/2011,38.38
8/3/2011,38.82
9/3/2011,38.19
10/3/2011,37.355
11/3/2011,37.91
14/3/2011,37.77
15/3/2011,37.77
16/3/2011,37.01
17/3/2011,37.67
18/3/2011,37.73
21/3/2011,38.385
22/3/2011,38.295
23/3/2011,38.85
24/3/2011,39.02
25/3/2011,39.23
28/3/2011,39.05
29/3/2011,39.46
30/3/2011,39.87
31/3/2011,40.02
1/4/2011,40.17
4/4/2011,40.43
5/4/2011,40.91
6/4/2011,40.57
7/4/2011,40.49
8/4/2011,40.2
11/4/2011,39.75
12/4/2011,39.21
13/4/2011,38.98
14/4/2011,39.1
15/4/2011,39.36
18/4/2011,38.81
19/4/2011,39.5
20/4/2011,40.02
21/4/2011,40.45
25/4/2011,40.14
26/4/2011,40.59
27/4/2011,40.72
28/4/2011,40.71
29/4/2011,40.87
2/5/2011,40.58
3/5/2011,40.21
4/5/2011,39.5
5/5/2011,39.03
6/5/2011,39.35
9/5/2011,39.92
10/5/2011,40.26
11/5/2011,39.19
12/5/2011,39.15
13/5/2011,38.65
16/5/2011,38.51
17/5/2011,38.06
18/5/2011,38.91
19/5/2011,38.9
20/5/2011,38.51
23/5/2011,38.11
24/5/2011,38.3
25/5/2011,38.84
26/5/2011,38.93
27/5/2011,39.35
31/5/2011,39.75
1/6/2011,38.51
2/6/2011,38.57
3/6/2011,38.08
6/6/2011,37.7
7/6/2011,37.84
8/6/2011,37.45
9/6/2011,38.07
10/6/2011,37.59
13/6/2011,37.37
14/6/2011,38.09
15/6/2011,37.21
16/6/2011,36.845
17/6/2011,36.64
20/6/2011,36.95
21/6/2011,37.9
22/6/2011,37.745
23/6/2011,37.71
24/6/2011,37.47
27/6/2011,37.55
28/6/2011,38.28
29/6/2011,38.89
30/6/2011,39.37
1/7/2011,39.73
5/7/2011,39.78
6/7/2011,39.94
7/7/2011,40.535
8/7/2011,40.23
11/7/2011,39.42
12/7/2011,39.26
13/7/2011,39.6
14/7/2011,39.22
15/7/2011,39.57
18/7/2011,39.1
19/7/2011,39.69
20/7/2011,39.66
21/7/2011,40.14
22/7/2011,39.95
25/7/2011,39.85
26/7/2011,39.42
27/7/2011,38.52
28/7/2011,38.44
29/7/2011,38.01
1/8/2011,37.88
2/8/2011,36.71
3/8/2011,36.9
4/8/2011,34.4
5/8/2011,34.32
8/8/2011,31.81
9/8/2011,33.77
10/8/2011,32.61
11/8/2011,34.22
12/8/2011,34.44
15/8/2011,34.99
16/8/2011,34.43
17/8/2011,34.53
18/8/2011,32.52
19/8/2011,32
22/8/2011,32
23/8/2011,33.13
24/8/2011,33.6
25/8/2011,33.23
26/8/2011,33.93
29/8/2011,34.955
30/8/2011,35.25
31/8/2011,35.34
1/9/2011,34.86
2/9/2011,33.97
6/9/2011,33.79
7/9/2011,34.76
8/9/2011,34.3
9/9/2011,33.17
12/9/2011,32.945
13/9/2011,33.49
14/9/2011,34.01
15/9/2011,34.59
16/9/2011,34.52
19/9/2011,34.01
20/9/2011,33.61
21/9/2011,32.09
22/9/2011,30.29
23/9/2011,30.24
26/9/2011,31.21
27/9/2011,31.86
28/9/2011,30.451
29/9/2011,30.48
30/9/2011,29.355
3/10/2011,28.53
4/10/2011,29.64
5/10/2011,30.82
6/10/2011,31.6
7/10/2011,31.12
10/10/2011,32.43
11/10/2011,32.47
12/10/2011,32.79
13/10/2011,32.62
14/10/2011,33.48
17/10/2011,32.34
18/10/2011,33.17
19/10/2011,32.21
20/10/2011,32.51
21/10/2011,33.37
24/10/2011,34.17
25/10/2011,33.3
26/10/2011,33.9
27/10/2011,35.74
28/10/2011,35.99
31/10/2011,34.45
1/11/2011,33.53
2/11/2011,34.36
3/11/2011,35.06
4/11/2011,34.98
7/11/2011,35.28
8/11/2011,35.7
9/11/2011,33.96
10/11/2011,34.37
11/11/2011,35.17
14/11/2011,34.8
15/11/2011,34.87
16/11/2011,34.05
17/11/2011,33.08
18/11/2011,33.26
21/11/2011,32.68
22/11/2011,32.43
23/11/2011,31.57
25/11/2011,31.41
28/11/2011,32.59
29/11/2011,32.65
30/11/2011,34.52
1/12/2011,34.3
2/12/2011,34
5/12/2011,34.4
6/12/2011,34.72
7/12/2011,34.75
8/12/2011,33.67
9/12/2011,34.1
12/12/2011,33.29
13/12/2011,32.73
14/12/2011,32.33
15/12/2011,32.55
16/12/2011,32.53
19/12/2011,31.95
20/12/2011,33.21
21/12/2011,33.26
22/12/2011,33.585
23/12/2011,33.91
27/12/2011,33.9
28/12/2011,33.09
29/12/2011,33.52
30/12/2011,33.5
3/1/2012,34.43
4/1/2012,34.72
5/1/2012,34.82
6/1/2012,34.77
9/1/2012,34.84
10/1/2012,35.49
11/1/2012,35.835
12/1/2012,36.34
13/1/2012,36.1
17/1/2012,36.3
18/1/2012,36.71
19/1/2012,36.74
20/1/2012,36.58
23/1/2012,36.56
24/1/2012,36.56
25/1/2012,37.14
26/1/2012,37.13
27/1/2012,37.18
30/1/2012,37.14
31/1/2012,37.18
1/2/2012,37.55
2/2/2012,37.37
3/2/2012,37.88
6/2/2012,37.67
7/2/2012,37.63
8/2/2012,37.67
9/2/2012,37.71
10/2/2012,37.05
13/2/2012,37.15
14/2/2012,36.67
15/2/2012,36.7
16/2/2012,37.35
17/2/2012,37.37
21/2/2012,37.59
22/2/2012,37.53
23/2/2012,37.57
24/2/2012,37.55
27/2/2012,37.56
28/2/2012,37.68
29/2/2012,36.97
1/3/2012,37.38
2/3/2012,37.29
5/3/2012,36.69
6/3/2012,35.94
7/3/2012,36.03
8/3/2012,36.63
9/3/2012,36.64
12/3/2012,36.44
13/3/2012,37.04
14/3/2012,36.897
15/3/2012,37.17
16/3/2012,37.1
19/3/2012,37.33
20/3/2012,37.12
21/3/2012,37.12
22/3/2012,36.52
23/3/2012,36.91
26/3/2012,37.39
27/3/2012,37.31
28/3/2012,36.79
29/3/2012,36.84
30/3/2012,36.97
2/4/2012,37.49
3/4/2012,37.21
4/4/2012,36.69
5/4/2012,36.48
9/4/2012,35.95
10/4/2012,35.21
11/4/2012,35.59
12/4/2012,36.565
13/4/2012,36.13
16/4/2012,36.24
17/4/2012,36.73
18/4/2012,36.63
19/4/2012,36.5
20/4/2012,36.48
23/4/2012,36.03
24/4/2012,36.03
25/4/2012,36.79
26/4/2012,36.75
27/4/2012,36.93
30/4/2012,36.67
1/5/2012,36.89
2/5/2012,36.71
3/5/2012,36.29
4/5/2012,35.68
7/5/2012,35.71
8/5/2012,35.5399
9/5/2012,35.22
10/5/2012,35.11
11/5/2012,35.01
14/5/2012,34.525
15/5/2012,34.01
16/5/2012,33.64
17/5/2012,32.9
18/5/2012,32.77
21/5/2012,33.73
22/5/2012,33.52
23/5/2012,33.92
24/5/2012,34.13
25/5/2012,33.99
29/5/2012,34.58
30/5/2012,33.96
31/5/2012,33.82
1/6/2012,33.1
4/6/2012,33.13
5/6/2012,33.445
6/6/2012,34.29
7/6/2012,34.35
8/6/2012,34.58
11/6/2012,33.94
12/6/2012,34.57
13/6/2012,34.04
14/6/2012,34.32
15/6/2012,34.53
18/6/2012,34.71
19/6/2012,35.37
20/6/2012,35.17
21/6/2012,34.02
22/6/2012,34.2
25/6/2012,33.77
26/6/2012,33.875
27/6/2012,34.25
28/6/2012,34.26
29/6/2012,35.29
2/7/2012,35.11
3/7/2012,35.61
5/7/2012,35.56
6/7/2012,35.15
9/7/2012,34.93
10/7/2012,34.41
11/7/2012,34.3
12/7/2012,34.13
13/7/2012,34.74
16/7/2012,34.61
17/7/2012,35.05
18/7/2012,35.26
19/7/2012,35.64
20/7/2012,35.42
23/7/2012,34.86
24/7/2012,34.32
25/7/2012,34.32
26/7/2012,34.48
27/7/2012,35.11
30/7/2012,35.08
31/7/2012,34.84
1/8/2012,34.85
2/8/2012,34.44
3/8/2012,35.12
6/8/2012,35.44
7/8/2012,35.85
8/8/2012,35.89
9/8/2012,36.09
10/8/2012,36.06
13/8/2012,35.86
14/8/2012,35.7
15/8/2012,35.76
16/8/2012,36.29
17/8/2012,36.24
20/8/2012,36.17
21/8/2012,36.22
22/8/2012,36.52
23/8/2012,35.91
24/8/2012,35.84
27/8/2012,35.63
28/8/2012,35.55
29/8/2012,35.63
30/8/2012,35.31
31/8/2012,35.65
4/9/2012,35.19
5/9/2012,35.35
6/9/2012,36.235
7/9/2012,36.95
10/9/2012,36.89
11/9/2012,37.02
12/9/2012,36.97
13/9/2012,37.88
14/9/2012,38.35
17/9/2012,37.76
18/9/2012,37.66
19/9/2012,37.87
20/9/2012,37.81
21/9/2012,37.445
24/9/2012,37.335
25/9/2012,36.74
26/9/2012,36.56
27/9/2012,37.01
28/9/2012,36.8
1/10/2012,36.92
2/10/2012,36.72
3/10/2012,36.55
4/10/2012,37.02
5/10/2012,37.2
8/10/2012,37.13
9/10/2012,36.78
10/10/2012,36.38
11/10/2012,36.53
12/10/2012,36.37
15/10/2012,36.68
16/10/2012,37.56
17/10/2012,37.865
18/10/2012,37.88
19/10/2012,37.09
22/10/2012,37.26
23/10/2012,36.1375
24/10/2012,36.12
25/10/2012,36.04
26/10/2012,36.11
31/10/2012,36.0302
1/11/2012,36.73
2/11/2012,36.07
5/11/2012,36.32
6/11/2012,36.7
7/11/2012,36.12
8/11/2012,35.63
9/11/2012,35.56
12/11/2012,35.56
13/11/2012,35.5
14/11/2012,34.895
15/11/2012,34.78
16/11/2012,34.86
19/11/2012,35.845
20/11/2012,35.88
21/11/2012,35.94
23/11/2012,36.4
26/11/2012,36.43
27/11/2012,36.265
28/11/2012,36.42
29/11/2012,36.67
30/11/2012,36.7
3/12/2012,36.02
4/12/2012,36.085
5/12/2012,35.66
6/12/2012,35.75
7/12/2012,36.05
10/12/2012,36.28
11/12/2012,36.57
12/12/2012,36.48
13/12/2012,36.38
14/12/2012,36.65
17/12/2012,37.02
18/12/2012,37.46
19/12/2012,37.3
20/12/2012,37.66
21/12/2012,37
24/12/2012,37.19
26/12/2012,37.42
27/12/2012,37.29
28/12/2012,36.82
31/12/2012,37.54
2/1/2013,38.48
3/1/2013,38.2
4/1/2013,38.67
7/1/2013,38.59
8/1/2013,38.65
9/1/2013,38.9
10/1/2013,39.07
11/1/2013,39.01
14/1/2013,39.02
15/1/2013,39.06
16/1/2013,38.78
17/1/2013,39.08
18/1/2013,39.34
22/1/2013,39.72
23/1/2013,39.5
24/1/2013,39.62
25/1/2013,39.76
28/1/2013,39.38
29/1/2013,39.6
30/1/2013,39.38
31/1/2013,39.02
1/2/2013,39.5
4/2/2013,39.12
5/2/2013,39.32
6/2/2013,39.36
7/2/2013,39.15
8/2/2013,39.38
11/2/2013,39.33
12/2/2013,39.35
13/2/2013,39.49
14/2/2013,39.36
15/2/2013,39.35
19/2/2013,39.18
20/2/2013,38.08
21/2/2013,37.73
22/2/2013,38.23
25/2/2013,37.35
26/2/2013,37.75
27/2/2013,38.42
28/2/2013,38.49
1/3/2013,38.51
4/3/2013,38.56
5/3/2013,38.82
6/3/2013,39.16
7/3/2013,39.27
8/3/2013,39.59
11/3/2013,39.81
12/3/2013,39.84
13/3/2013,39.74
14/3/2013,39.98
15/3/2013,39.85
18/3/2013,39.57
19/3/2013,39.4
20/3/2013,39.7
21/3/2013,39.02
22/3/2013,39.07
25/3/2013,38.77
26/3/2013,39.04
27/3/2013,39.03
28/3/2013,39.18
1/4/2013,38.84
2/4/2013,38.46
3/4/2013,38.14
4/4/2013,38.47
5/4/2013,38.31
8/4/2013,38.43
9/4/2013,38.88
10/4/2013,39.15
11/4/2013,39.32
12/4/2013,38.74
15/4/2013,37.31
16/4/2013,37.99
17/4/2013,37.43
18/4/2013,37.32
19/4/2013,37.76
22/4/2013,38.12
23/4/2013,38.45
24/4/2013,39.03
25/4/2013,39.46
26/4/2013,38.9
29/4/2013,39.49
30/4/2013,39.55
1/5/2013,38.85
2/5/2013,39.13
3/5/2013,39.82
6/5/2013,39.93
7/5/2013,40.31
8/5/2013,40.66
9/5/2013,40.61
10/5/2013,40.57
13/5/2013,40.28
14/5/2013,40.78
15/5/2013,41.005
16/5/2013,40.82
17/5/2013,41.26
20/5/2013,41.3
21/5/2013,41.25
22/5/2013,40.69
23/5/2013,40.71
24/5/2013,40.57
28/5/2013,40.94
29/5/2013,40.81
30/5/2013,40.94
31/5/2013,40.3
3/6/2013,40.5
4/6/2013,40.45
5/6/2013,39.55
6/6/2013,39.81
7/6/2013,40.18
10/6/2013,40.37
11/6/2013,39.81
12/6/2013,39.61
13/6/2013,40.34
14/6/2013,40.05
17/6/2013,40.39
18/6/2013,40.57
19/6/2013,40.26
20/6/2013,39.22
21/6/2013,38.785
24/6/2013,38.17
25/6/2013,38.4
26/6/2013,38.58
27/6/2013,38.56
28/6/2013,38.345
1/7/2013,38.57
2/7/2013,38.45
3/7/2013,38.46
5/7/2013,38.72
8/7/2013,38.94
9/7/2013,39.54
10/7/2013,39.53
11/7/2013,40.17
12/7/2013,40.03
15/7/2013,40.13
16/7/2013,39.83
17/7/2013,40.2
18/7/2013,40.22
19/7/2013,40.48
22/7/2013,40.52
23/7/2013,40.64
24/7/2013,40.26
25/7/2013,40.64
26/7/2013,40.49
29/7/2013,40.72
30/7/2013,40.62
31/7/2013,40.48
1/8/2013,40.78
2/8/2013,41.01
5/8/2013,40.9
6/8/2013,40.522
7/8/2013,40.54
8/8/2013,41.14
9/8/2013,41.38
12/8/2013,41.32
13/8/2013,41.47
14/8/2013,41.38
15/8/2013,41.08
16/8/2013,40.76
19/8/2013,40.44
20/8/2013,40.67
21/8/2013,40.36
22/8/2013,40.84
23/8/2013,41.17
26/8/2013,41.17
27/8/2013,40.445
28/8/2013,40.37
29/8/2013,40.5
30/8/2013,40.43
3/9/2013,40.672
4/9/2013,41.05
5/9/2013,41.12
6/9/2013,41.07
9/9/2013,41.69
10/9/2013,42.065
11/9/2013,42.32
12/9/2013,41.88
13/9/2013,42.16
16/9/2013,42.63
17/9/2013,42.51
18/9/2013,43.49
19/9/2013,43.335
20/9/2013,42.62
23/9/2013,42.3
24/9/2013,42.28
25/9/2013,42.39
26/9/2013,42.67
27/9/2013,42.16
30/9/2013,42.01
1/10/2013,42.19
2/10/2013,42.3
3/10/2013,41.94
4/10/2013,42.55
7/10/2013,42.03
8/10/2013,41.36
9/10/2013,41.42
10/10/2013,42.3
11/10/2013,42.55
14/10/2013,42.7
15/10/2013,42.44
16/10/2013,42.87
17/10/2013,43.425
18/10/2013,43.559
21/10/2013,43.55
22/10/2013,44.18
23/10/2013,43.89
24/10/2013,44.11
25/10/2013,44.24
28/10/2013,44.02
29/10/2013,44.109
30/10/2013,43.84
31/10/2013,43.77
1/11/2013,43.67
4/11/2013,43.845
5/11/2013,43.66
6/11/2013,43.96
7/11/2013,43.38
8/11/2013,44.185
11/11/2013,44.17
12/11/2013,44.029
13/11/2013,44.27
14/11/2013,44.64
15/11/2013,44.925
18/11/2013,44.65
19/11/2013,44.51
20/11/2013,44.15
21/11/2013,44.51
22/11/2013,44.74
25/11/2013,44.46
26/11/2013,44.35
27/11/2013,44.38
29/11/2013,44.34
2/12/2013,44.23
3/12/2013,43.71
4/12/2013,43.92
5/12/2013,43.67
6/12/2013,44.27
9/12/2013,44.5
10/12/2013,44.63
11/12/2013,43.87
12/12/2013,43.78
13/12/2013,43.99
16/12/2013,44.17
17/12/2013,44.46
18/12/2013,45
19/12/2013,45.07
20/12/2013,44.93
23/12/2013,45.15
24/12/2013,45.64
26/12/2013,45.89
27/12/2013,46.03
30/12/2013,46.06
31/12/2013,46.22
2/1/2014,45.85
3/1/2014,45.74
6/1/2014,45.49
7/1/2014,45.41
8/1/2014,45.68
9/1/2014,45.5
10/1/2014,45.64
13/1/2014,45.02
14/1/2014,45.65
15/1/2014,45.93
16/1/2014,46.04
17/1/2014,45.93
21/1/2014,46.21
22/1/2014,45.76
23/1/2014,45.08
24/1/2014,43.87
27/1/2014,43.69
28/1/2014,43.94
29/1/2014,44.12
30/1/2014,44.33
31/1/2014,44.04
3/2/2014,43.01
4/2/2014,43.39
5/2/2014,43.44
6/2/2014,44.09
7/2/2014,44.7
10/2/2014,44.92
11/2/2014,45.44
12/2/2014,45.36
13/2/2014,45.75
14/2/2014,46.12
18/2/2014,46.15
19/2/2014,45.83
20/2/2014,46.31
21/2/2014,46.19
24/2/2014,46.03
25/2/2014,46.2
26/2/2014,46.55
27/2/2014,46.92
28/2/2014,47.08
3/3/2014,46.97
4/3/2014,47.71
5/3/2014,47.82
6/3/2014,48
7/3/2014,47.79
10/3/2014,47.75
11/3/2014,47.26
12/3/2014,47.24
13/3/2014,46.9
14/3/2014,46.9
17/3/2014,47.28
18/3/2014,47.55
19/3/2014,47.13
20/3/2014,47.76
21/3/2014,47.37
24/3/2014,47
25/3/2014,47.26
26/3/2014,46.58
27/3/2014,46.45
28/3/2014,46.77
31/3/2014,47.28
1/4/2014,47.54
2/4/2014,47.89
3/4/2014,47.95
4/4/2014,47.34
7/4/2014,46.65
8/4/2014,46.83
9/4/2014,47.54
10/4/2014,46.59
11/4/2014,46.03
14/4/2014,46.4
15/4/2014,46.68
16/4/2014,47.37
17/4/2014,47.52
21/4/2014,47.53
22/4/2014,47.7
23/4/2014,47.71
24/4/2014,47.5
25/4/2014,47.16
28/4/2014,46.96
29/4/2014,47.29
30/4/2014,47.67
1/5/2014,47.37
2/5/2014,47.55
5/5/2014,47.81
6/5/2014,47.57
7/5/2014,47.94
8/5/2014,47.75
9/5/2014,47.75
12/5/2014,48.36
13/5/2014,48.4
14/5/2014,48.41
15/5/2014,47.73
16/5/2014,47.9
19/5/2014,48.1
20/5/2014,47.84
21/5/2014,48.06
22/5/2014,48.17
23/5/2014,48.58
27/5/2014,48.58
28/5/2014,48.6
29/5/2014,49.09
30/5/2014,49.08
2/6/2014,49.28
3/6/2014,49.17
4/6/2014,49.25
5/6/2014,49.48
6/6/2014,49.72
9/6/2014,49.59
10/6/2014,49.66
11/6/2014,49.38
12/6/2014,48.96
13/6/2014,49.15
16/6/2014,49.04
17/6/2014,49.14
18/6/2014,49.67
19/6/2014,49.57
20/6/2014,49.64
23/6/2014,49.71
24/6/2014,49.24
25/6/2014,49.63
26/6/2014,49.62
27/6/2014,49.465
30/6/2014,49.64
1/7/2014,49.76
2/7/2014,49.82
3/7/2014,50.14
7/7/2014,49.72
8/7/2014,49.59
9/7/2014,49.76
10/7/2014,49.54
11/7/2014,49.63
14/7/2014,49.6
15/7/2014,49.5
16/7/2014,49.84
17/7/2014,49.63
18/7/2014,49.94
21/7/2014,49.8
22/7/2014,49.87
23/7/2014,50.08
24/7/2014,50.02
25/7/2014,50.11
28/7/2014,50.24
29/7/2014,49.88
30/7/2014,49.62
31/7/2014,48.65
1/8/2014,48.69
4/8/2014,49.27
5/8/2014,48.76
6/8/2014,49.12
7/8/2014,48.69
8/8/2014,49.2
11/8/2014,49.15
12/8/2014,49.305
13/8/2014,49.58
14/8/2014,49.58
15/8/2014,49.73
18/8/2014,50.22
19/8/2014,50.37
20/8/2014,50.44
21/8/2014,50.37
22/8/2014,50.17
25/8/2014,50.36
26/8/2014,50.41
27/8/2014,50.41
28/8/2014,50.45
29/8/2014,50.53
2/9/2014,50.36
3/9/2014,50.44
4/9/2014,50.44
5/9/2014,50.66
8/9/2014,50.46
9/9/2014,50.05
10/9/2014,50.05
11/9/2014,49.98
12/9/2014,49.75
15/9/2014,49.82
16/9/2014,50.05
17/9/2014,50.35
18/9/2014,50.69
19/9/2014,50.44
22/9/2014,50.42
23/9/2014,50.16
24/9/2014,50.68
25/9/2014,49.91
26/9/2014,50.4
29/9/2014,50.19
30/9/2014,49.59
1/10/2014,48.42
2/10/2014,48.3
3/10/2014,48.44
6/10/2014,48.43
7/10/2014,47.58
8/10/2014,48.2
9/10/2014,47.02
10/10/2014,46.3
13/10/2014,45.11
14/10/2014,45.25
15/10/2014,45.56
16/10/2014,46.01
17/10/2014,46.62
20/10/2014,47.33
21/10/2014,48.35
22/10/2014,47.96
23/10/2014,47.92
24/10/2014,48.28
27/10/2014,47.27
28/10/2014,47.74
29/10/2014,47.15
30/10/2014,47.51
31/10/2014,48.4
3/11/2014,48.06
4/11/2014,47.56
5/11/2014,48.02
6/11/2014,48.41
7/11/2014,48.64
10/11/2014,48.77
11/11/2014,49.01
12/11/2014,49.13
13/11/2014,49.14
14/11/2014,49.29
17/11/2014,49.28
18/11/2014,49.87
19/11/2014,49.8
20/11/2014,50.06
21/11/2014,50.67
24/11/2014,50.44
25/11/2014,50.26
26/11/2014,50.3
28/11/2014,49.16
1/12/2014,48.65
2/12/2014,48.94
3/12/2014,49.66
4/12/2014,49.81
5/12/2014,49.77
8/12/2014,48.98
9/12/2014,49.11
10/12/2014,48.1
11/12/2014,48.14
12/12/2014,46.8
15/12/2014,46.55
16/12/2014,46.19
17/12/2014,47.45
18/12/2014,48.53
19/12/2014,48.82
22/12/2014,48.85
23/12/2014,49.23
24/12/2014,49.06
26/12/2014,49.23
29/12/2014,49.23
30/12/2014,49.06
31/12/2014,48.58
2/1/2015,48.65
5/1/2015,47.41
6/1/2015,46.99
7/1/2015,47.52
8/1/2015,48.65
9/1/2015,48.4
12/1/2015,48.29
13/1/2015,47.75
14/1/2015,47.19
15/1/2015,47.1
16/1/2015,47.85
20/1/2015,47.93
21/1/2015,48.4
22/1/2015,49.01
23/1/2015,48.25
26/1/2015,48.46
27/1/2015,48.13
28/1/2015,47.26
29/1/2015,47.88
30/1/2015,47.69
2/2/2015,48.12
3/2/2015,49.18
4/2/2015,48.86
5/2/2015,50.04
6/2/2015,49.92
9/2/2015,49.86
10/2/2015,50.23
11/2/2015,50.15
12/2/2015,51.01
13/2/2015,51.44
17/2/2015,51.5
18/2/2015,51.64
19/2/2015,51.78
20/2/2015,51.93
23/2/2015,51.87
24/2/2015,52.09
25/2/2015,51.94
26/2/2015,51.61
27/2/2015,51.49
2/3/2015,51.83
3/3/2015,51.55
4/3/2015,51.37
5/3/2015,51.15
6/3/2015,50.46
9/3/2015,50.53
10/3/2015,49.76
11/3/2015,49.7
12/3/2015,50.32
13/3/2015,49.84
16/3/2015,49.76
17/3/2015,49.21
18/3/2015,49.96
19/3/2015,49.1
20/3/2015,49.23
23/3/2015,49.23
24/3/2015,49.07
25/3/2015,48.52
26/3/2015,48.63
27/3/2015,48.61
30/3/2015,49.27
31/3/2015,48.78
1/4/2015,48.92
2/4/2015,48.97
6/4/2015,49.36
7/4/2015,49.28
8/4/2015,49.42
9/4/2015,49.56
10/4/2015,49.7
13/4/2015,49.5
14/4/2015,49.71
15/4/2015,50.19
16/4/2015,50.08
17/4/2015,49.62
20/4/2015,49.98
21/4/2015,49.61
22/4/2015,49.71
23/4/2015,49.84
24/4/2015,50.26
27/4/2015,50.7
28/4/2015,50.77
29/4/2015,50.74
30/4/2015,50.42
1/5/2015,51.25
4/5/2015,51.11
5/5/2015,50.53
6/5/2015,50.54
7/5/2015,50.76
8/5/2015,51.57
11/5/2015,51.33
12/5/2015,50.79
13/5/2015,50.73
14/5/2015,51.26
15/5/2015,51.51
18/5/2015,51.28
19/5/2015,51.03
20/5/2015,51
21/5/2015,51.18
22/5/2015,51.12
26/5/2015,50.48
27/5/2015,50.81
28/5/2015,50.94
29/5/2015,50.61
1/6/2015,50.63
2/6/2015,50.79
3/6/2015,50.84
4/6/2015,50.24
5/6/2015,50.01
8/6/2015,49.83
9/6/2015,49.86
10/6/2015,50.38
11/6/2015,50.5
12/6/2015,50.2
15/6/2015,49.89
16/6/2015,50.15
17/6/2015,50.36
18/6/2015,50.78
19/6/2015,50.21
22/6/2015,50.4
23/6/2015,50.26
24/6/2015,49.62
25/6/2015,49.58
26/6/2015,49.39
29/6/2015,48.24
30/6/2015,48.39
1/7/2015,48.66
2/7/2015,48.51
6/7/2015,48.11
7/7/2015,47.95
8/7/2015,46.9
9/7/2015,47.04
10/7/2015,47.7
13/7/2015,48.22
14/7/2015,48.49
15/7/2015,48.11
16/7/2015,47.99
17/7/2015,47.66
20/7/2015,47.26
21/7/2015,46.97
22/7/2015,46.77
23/7/2015,46.09
24/7/2015,45.08
27/7/2015,44.58
28/7/2015,45.51
29/7/2015,45.84
30/7/2015,46.07
31/7/2015,45.95
3/8/2015,45.59
4/8/2015,45.79
5/8/2015,46.02
6/8/2015,45.86
7/8/2015,45.22
10/8/2015,46.33
11/8/2015,45.47
12/8/2015,45.64
13/8/2015,45.51
14/8/2015,45.72
17/8/2015,45.98
18/8/2015,45.68
19/8/2015,45.12
20/8/2015,44.27
21/8/2015,43.19
24/8/2015,41.38
25/8/2015,40.73
26/8/2015,41.83
27/8/2015,43.35
28/8/2015,43.6
31/8/2015,43.36
1/9/2015,42.04
2/9/2015,42.64
3/9/2015,42.9
4/9/2015,42.05
8/9/2015,43.1
9/9/2015,42.77
10/9/2015,42.87
11/9/2015,42.81
14/9/2015,42.3
15/9/2015,42.61
16/9/2015,43.22
17/9/2015,43.02
18/9/2015,41.88
21/9/2015,42.02
22/9/2015,41.24
23/9/2015,40.36
24/9/2015,40.25
25/9/2015,40.2
28/9/2015,38.95
29/9/2015,39.1
30/9/2015,39.92
1/10/2015,40.37
2/10/2015,41.36
5/10/2015,42.44
6/10/2015,42.99
7/10/2015,43.56
8/10/2015,44.17
9/10/2015,44.15
12/10/2015,43.77
13/10/2015,43.6
14/10/2015,43.95
15/10/2015,44.07
16/10/2015,44.09
19/10/2015,43.78
20/10/2015,43.85
21/10/2015,43.46
22/10/2015,44.65
23/10/2015,45.02
26/10/2015,44.65
27/10/2015,44.46
28/10/2015,45.13
29/10/2015,45.22
30/10/2015,45.28
2/11/2015,45.56
3/11/2015,45.74
4/11/2015,45.44
5/11/2015,45.21
6/11/2015,45.33
9/11/2015,45.02
10/11/2015,44.69
11/11/2015,44.74
12/11/2015,43.84
13/11/2015,44.4
16/11/2015,44.97
17/11/2015,44.92
18/11/2015,45.72
19/11/2015,45.67
20/11/2015,45.53
23/11/2015,45.59
24/11/2015,45.97
25/11/2015,45.68
27/11/2015,45.62
30/11/2015,45.73
1/12/2015,46.05
2/12/2015,45.43
3/12/2015,45.03
4/12/2015,45.82
7/12/2015,45
8/12/2015,44.15
9/12/2015,45.48
10/12/2015,45.14
11/12/2015,43.94
14/12/2015,43.36
15/12/2015,43.6
16/12/2015,44.05
17/12/2015,43.17
18/12/2015,42.27
21/12/2015,42.65
22/12/2015,43.19
23/12/2015,44.21
24/12/2015,44.11
28/12/2015,43.8
29/12/2015,44.21
30/12/2015,43.8
31/12/2015,43.42
4/1/2016,42.74
5/1/2016,42.72
6/1/2016,41.6
7/1/2016,40.47
8/1/2016,40.06
11/1/2016,39.38
12/1/2016,39.44
13/1/2016,38.53
14/1/2016,39.05
15/1/2016,38.25
19/1/2016,37.78
20/1/2016,37.5
21/1/2016,37.83
22/1/2016,38.51
25/1/2016,37.28
26/1/2016,37.92
27/1/2016,37.62
28/1/2016,37.68
29/1/2016,38.77
1/2/2016,38.93
2/2/2016,38.67
3/2/2016,39.97
4/2/2016,41.08
5/2/2016,40.61
8/2/2016,39.54
9/2/2016,40.03
10/2/2016,39.65
11/2/2016,38.79
12/2/2016,39.94
16/2/2016,40.55
17/2/2016,41.35
18/2/2016,41.23
19/2/2016,40.75
22/2/2016,41.53
23/2/2016,40.51
24/2/2016,40.93
25/2/2016,41.46
26/2/2016,42.06
29/2/2016,41.8
1/3/2016,42.87
2/3/2016,42.7
3/3/2016,42.96
4/3/2016,43.46
7/3/2016,43.96
8/3/2016,43.1
9/3/2016,43.37
10/3/2016,43.6
11/3/2016,44.4
14/3/2016,44.1
15/3/2016,44.2
16/3/2016,44.57
17/3/2016,45.39
18/3/2016,45.42
21/3/2016,45.63
22/3/2016,45.11
23/3/2016,44.55
24/3/2016,44.55
28/3/2016,44.74
29/3/2016,44.99
30/3/2016,45.19
31/3/2016,44.81
1/4/2016,45.24
4/4/2016,44.65
5/4/2016,44.37
6/4/2016,44.88
7/4/2016,44.23
8/4/2016,44.52
11/4/2016,44.72
12/4/2016,45.34
13/4/2016,45.79
14/4/2016,45.82
15/4/2016,46.03
18/4/2016,46.24
19/4/2016,47.23
20/4/2016,47.09
21/4/2016,46.88
22/4/2016,47.21
25/4/2016,47.05
26/4/2016,47.43
27/4/2016,47.83
28/4/2016,47.38
29/4/2016,47.1
2/5/2016,47.27
3/5/2016,46.49
4/5/2016,46.02
5/5/2016,45.79
6/5/2016,46.16
9/5/2016,45.6
10/5/2016,46.36
11/5/2016,46.2
12/5/2016,46.4
13/5/2016,45.95
16/5/2016,46.74
17/5/2016,46.5
18/5/2016,45.79
19/5/2016,45.95
20/5/2016,46.28
23/5/2016,46.82
24/5/2016,47.13
25/5/2016,47.71
26/5/2016,47.2
27/5/2016,47.18
31/5/2016,46.94
1/6/2016,47
2/6/2016,47.26
3/6/2016,47.66
6/6/2016,48.15
7/6/2016,48.17
8/6/2016,48.45
9/6/2016,48.1
10/6/2016,47.74
13/6/2016,47.21
14/6/2016,46.86
15/6/2016,47.07
16/6/2016,47.23
17/6/2016,47.2
20/6/2016,47.47
21/6/2016,47.34
22/6/2016,47.39
23/6/2016,48.12
24/6/2016,46.02
27/6/2016,44.47
28/6/2016,44.85
29/6/2016,45.61
30/6/2016,46.34
1/7/2016,46.36
5/7/2016,45.52
6/7/2016,45.7
7/7/2016,45.82
8/7/2016,46.96
11/7/2016,47.19
12/7/2016,48.05
13/7/2016,48.18
14/7/2016,48.61
15/7/2016,48.78
18/7/2016,49.1
19/7/2016,48.81
20/7/2016,48.83
21/7/2016,48.53
22/7/2016,48.66
25/7/2016,48.58
26/7/2016,48.95
27/7/2016,49.01
28/7/2016,48.94
29/7/2016,48.69
1/8/2016,48.42
2/8/2016,48.29
3/8/2016,48.41
4/8/2016,48.61
5/8/2016,48.77
8/8/2016,48.87
9/8/2016,48.72
10/8/2016,48.73
11/8/2016,48.94
12/8/2016,48.42
15/8/2016,48.91
16/8/2016,48.65
17/8/2016,48.61
18/8/2016,48.92
19/8/2016,48.99
22/8/2016,48.92
23/8/2016,49.34
24/8/2016,48.77
25/8/2016,49.01
26/8/2016,48.73
29/8/2016,49.17
30/8/2016,49.05
31/8/2016,48.56
1/9/2016,48.76
2/9/2016,49.25
6/9/2016,49.14
7/9/2016,49.07
8/9/2016,48.86
9/9/2016,47.44
12/9/2016,47.89
13/9/2016,47
14/9/2016,46.89
15/9/2016,47.19
16/9/2016,46.76
19/9/2016,46.83
20/9/2016,46.69
21/9/2016,47.4
22/9/2016,47.55
23/9/2016,47.31
26/9/2016,47.09
27/9/2016,47.23
28/9/2016,47.77
29/9/2016,47.4
30/9/2016,47.75
3/10/2016,47.69
4/10/2016,47.04
5/10/2016,47.36
6/10/2016,47.75
7/10/2016,46.86
10/10/2016,47.14
11/10/2016,46.5
12/10/2016,46.41
13/10/2016,46.17
14/10/2016,46.32
17/10/2016,46.36
18/10/2016,46.78
19/10/2016,47.12
20/10/2016,47.08
21/10/2016,47.06
24/10/2016,47.17
25/10/2016,46.74
26/10/2016,46.67
27/10/2016,46.61
28/10/2016,46.73
31/10/2016,46.75
1/11/2016,46.48
2/11/2016,46.23
3/11/2016,46.24
4/11/2016,46.4
7/11/2016,47.11
8/11/2016,47.26
9/11/2016,48.26
10/11/2016,48.82
11/11/2016,48.15
